-- phpMyAdmin SQL Dump
-- version 3.5.2.2
-- http://www.phpmyadmin.net
--
-- Host: 127.0.0.1
-- Generation Time: Jul 26, 2014 at 01:33 PM
-- Server version: 5.5.27
-- PHP Version: 5.4.7

SET SQL_MODE="NO_AUTO_VALUE_ON_ZERO";
SET time_zone = "+00:00";


/*!40101 SET @OLD_CHARACTER_SET_CLIENT=@@CHARACTER_SET_CLIENT */;
/*!40101 SET @OLD_CHARACTER_SET_RESULTS=@@CHARACTER_SET_RESULTS */;
/*!40101 SET @OLD_COLLATION_CONNECTION=@@COLLATION_CONNECTION */;
/*!40101 SET NAMES utf8 */;

--
-- Database: `lecturescheduler_db`
--

-- --------------------------------------------------------

--
-- Table structure for table `classcourses`
--

CREATE TABLE IF NOT EXISTS `classcourses` (
  `id` int(10) NOT NULL AUTO_INCREMENT,
  `department` varchar(100) NOT NULL,
  `level` int(3) NOT NULL,
  `courseCode` varchar(6) NOT NULL,
  PRIMARY KEY (`department`,`level`,`courseCode`),
  UNIQUE KEY `id` (`id`),
  KEY `courseCode` (`courseCode`)
) ENGINE=InnoDB  DEFAULT CHARSET=latin1 AUTO_INCREMENT=51 ;

--
-- Dumping data for table `classcourses`
--

INSERT INTO `classcourses` (`id`, `department`, `level`, `courseCode`) VALUES
(1, 'Biochemistry', 100, 'MTH111'),
(2, 'Biochemistry', 100, 'MTH121'),
(3, 'Biochemistry', 200, 'COS101'),
(4, 'Computer Science', 100, 'COS101'),
(5, 'Computer Science', 100, 'COS102'),
(6, 'Computer Science', 100, 'COS104'),
(7, 'Computer Science', 100, 'MTH111'),
(8, 'Computer Science', 100, 'MTH121'),
(9, 'Computer Science', 200, 'COS201'),
(10, 'Computer Science', 200, 'COS202'),
(11, 'Computer Science', 200, 'COS222'),
(12, 'Computer Science', 200, 'COS251'),
(13, 'Computer Science', 300, 'COS301'),
(14, 'Computer Science', 300, 'COS302'),
(16, 'Computer Science', 300, 'COS311'),
(17, 'Computer Science', 300, 'COS312'),
(18, 'Computer Science', 300, 'COS313'),
(19, 'Computer Science', 300, 'COS314'),
(20, 'Computer Science', 300, 'COS316'),
(21, 'Computer Science', 300, 'COS321'),
(22, 'Computer Science', 300, 'COS322'),
(23, 'Computer Science', 300, 'COS331'),
(24, 'Computer Science', 300, 'COS334'),
(25, 'Computer Science', 300, 'COS335'),
(26, 'Computer Science', 300, 'COS341'),
(27, 'Computer Science', 300, 'COS342'),
(28, 'Computer Science', 300, 'COS346'),
(29, 'Computer Science', 300, 'COS352'),
(30, 'Computer Science', 400, 'COS411'),
(31, 'Computer Science', 400, 'COS413'),
(32, 'Computer Science', 400, 'COS414'),
(33, 'Computer Science', 400, 'COS431'),
(34, 'Computer Science', 400, 'COS432'),
(35, 'Computer Science', 400, 'COS451'),
(36, 'Computer Science', 400, 'COS452'),
(37, 'Computer Science', 400, 'COS454'),
(38, 'Computer Science', 400, 'COS455'),
(39, 'Computer Science', 400, 'COS457'),
(40, 'Computer Science', 400, 'COS458'),
(41, 'Computer Science', 400, 'COS461'),
(42, 'Computer Science', 400, 'COS462'),
(43, 'Computer Science', 400, 'COS464'),
(44, 'Computer Science', 400, 'COS472'),
(45, 'Biochemistry', 200, 'COS304'),
(46, 'Computer Science', 100, 'MTH122'),
(47, 'Physics and Astronomy', 100, 'MTH122'),
(48, 'Physics and Astronomy', 100, 'MTH121'),
(49, 'Physics and Astronomy', 100, 'MTH111'),
(50, 'Computer Science', 300, 'COS333');

-- --------------------------------------------------------

--
-- Table structure for table `courses`
--

CREATE TABLE IF NOT EXISTS `courses` (
  `courseId` int(5) NOT NULL AUTO_INCREMENT,
  `semester` int(1) NOT NULL,
  `courseCode` varchar(6) NOT NULL,
  `courseTitle` varchar(150) NOT NULL,
  `unitLoad` int(1) NOT NULL,
  `baseDepartment` varchar(100) NOT NULL,
  `lecturerId` int(4) NOT NULL,
  `priority` int(3) NOT NULL,
  PRIMARY KEY (`courseId`),
  UNIQUE KEY `courseCode` (`courseCode`),
  KEY `baseDepartment` (`baseDepartment`),
  KEY `lecturerId` (`lecturerId`)
) ENGINE=InnoDB  DEFAULT CHARSET=latin1 AUTO_INCREMENT=50 ;

--
-- Dumping data for table `courses`
--

INSERT INTO `courses` (`courseId`, `semester`, `courseCode`, `courseTitle`, `unitLoad`, `baseDepartment`, `lecturerId`, `priority`) VALUES
(4, 1, 'COS101', 'Introduction to Computer Science', 2, 'Computer Science', 1, 2),
(5, 2, 'COS102', 'Introduction to Computer System', 2, 'Computer Science', 14, 1),
(8, 1, 'MTH111', 'Elementary Mathematics I', 3, 'Mathematics', 7, 3),
(9, 1, 'MTH121', 'Elementary Mathematics II', 3, 'Mathematics', 7, 3),
(10, 2, 'COS104', 'Computing Practice', 2, 'Computer Science', 22, 1),
(11, 1, 'COS201', 'Computer Programming I', 2, 'Computer Science', 10, 1),
(12, 1, 'COS251', 'Assembly Language Programming', 2, 'Computer Science', 12, 1),
(13, 2, 'COS202', 'Computer Programming II', 2, 'Computer Science', 13, 1),
(14, 2, 'COS222', 'Introduction to File Processing', 2, 'Computer Science', 19, 1),
(15, 1, 'COS301', 'Introduction to Digital Design', 2, 'Computer Science', 9, 1),
(16, 1, 'COS311', 'Numerical Methods I', 2, 'Computer Science', 21, 1),
(17, 1, 'COS331', 'Compiler Construction I', 2, 'Computer Science', 1, 1),
(18, 1, 'COS341', 'Computer Architecture I', 2, 'Computer Science', 8, 1),
(19, 1, 'COS302', 'Introduction to Microcomputer Systems', 2, 'Computer Science', 11, 1),
(20, 1, 'COS312', 'Switching Algebra and Discrete Structure I', 2, 'Computer Science', 11, 1),
(21, 1, 'COS321', 'Data Base Design and Management I', 2, 'Computer Science', 13, 1),
(22, 1, 'COS335', 'System Analysis and Design', 2, 'Computer Science', 14, 1),
(23, 2, 'COS304', 'Computer Application', 2, 'Computer Science', 13, 1),
(24, 2, 'COS314', 'Operation Research I', 2, 'Computer Science', 8, 1),
(25, 2, 'COS346', 'Laboratory for Digital Design', 3, 'Computer Science', 9, 1),
(26, 2, 'COS316', 'Automata Theory and Formal Language', 2, 'Computer Science', 1, 1),
(27, 2, 'COS342', 'Computer Architecture II', 2, 'Computer Science', 11, 1),
(28, 2, 'COS352', 'Data Structures', 2, 'Computer Science', 17, 1),
(29, 2, 'COS313', 'Switching Algebra and Discrete Structure II', 2, 'Computer Science', 18, 1),
(30, 2, 'COS322', 'Data Base Design and Management II', 2, 'Computer Science', 4, 1),
(32, 2, 'COS334', 'Operating System II', 2, 'Computer Science', 20, 1),
(33, 1, 'COS451', 'Algorithm', 2, 'Computer Science', 4, 1),
(34, 1, 'COS461', 'Organization of Programming Language', 2, 'Computer Science', 17, 1),
(35, 1, 'COS411', 'Numerical Methods II', 2, 'Computer Science', 11, 1),
(36, 1, 'COS413', 'Queuing Theory', 2, 'Computer Science', 10, 1),
(37, 1, 'COS431', 'Software Design and Management', 2, 'Computer Science', 12, 1),
(38, 1, 'COS455', 'Data Communication and Networks II', 2, 'Computer Science', 9, 1),
(39, 1, 'COS457', 'Computer Graphics', 2, 'Computer Science', 13, 1),
(40, 2, 'COS462', 'Structured Programming', 2, 'Computer Science', 10, 1),
(41, 2, 'COS454', 'Artificial Intelligence', 2, 'Computer Science', 12, 1),
(42, 2, 'COS452', 'Computer Center Management', 2, 'Computer Science', 13, 1),
(43, 2, 'COS432', 'Compiler Construction II', 2, 'Computer Science', 1, 1),
(44, 2, 'COS458', 'Expert Systems', 2, 'Computer Science', 21, 1),
(45, 2, 'COS464', 'Concurrent Programming', 2, 'Computer Science', 18, 1),
(46, 2, 'COS414', 'Operation Research II', 2, 'Computer Science', 4, 1),
(47, 2, 'COS472', 'Advanced Digital Laboratory', 3, 'Computer Science', 12, 1),
(48, 2, 'MTH122', 'Elementary Mathematics III', 3, 'Mathematics', 23, 2),
(49, 1, 'COS333', 'Operating System I', 2, 'Computer Science', 20, 1);

-- --------------------------------------------------------

--
-- Table structure for table `departments`
--

CREATE TABLE IF NOT EXISTS `departments` (
  `departmentId` int(5) NOT NULL AUTO_INCREMENT,
  `departmentName` varchar(100) NOT NULL,
  `faculty` varchar(100) NOT NULL,
  `duration` int(3) NOT NULL,
  PRIMARY KEY (`departmentId`),
  UNIQUE KEY `departmentName` (`departmentName`)
) ENGINE=InnoDB  DEFAULT CHARSET=latin1 AUTO_INCREMENT=52 ;

--
-- Dumping data for table `departments`
--

INSERT INTO `departments` (`departmentId`, `departmentName`, `faculty`, `duration`) VALUES
(1, 'Computer Science', 'Physical Science', 400),
(7, 'Mathematics', 'Physical Science', 400),
(9, 'Biochemistry', 'Biological Sciences', 400),
(10, 'Microbiology', 'Biological Sciences', 400),
(11, 'Statistics', 'Physical Science', 400),
(12, 'Agric. Economics', 'Agriculture', 500),
(13, 'Agric. Extension', 'Agriculture', 500),
(14, 'Soil Science', 'Agriculture', 500),
(15, 'Food Science and Tech.', 'Agriculture', 500),
(16, 'Home Science Nutrition and Dietetics', 'Agriculture', 400),
(18, 'Archaeology and Tourism', 'Arts', 400),
(19, 'English and Literary Studies', 'Arts', 400),
(20, 'Fine and Applied Arts', 'Arts', 400),
(21, 'Foreign Languages and Literature', 'Arts', 400),
(22, 'History and International Studies', 'Arts', 400),
(23, 'Linguistics and Nigerian Languages', 'Arts', 400),
(24, 'Mass Communication', 'Arts', 400),
(25, 'Music', 'Arts', 400),
(26, 'Theater and Film Studies', 'Arts', 400),
(27, 'Botany', 'Biological Sciences', 400),
(28, 'Zoology', 'Biological Sciences', 400),
(29, 'Adult Education', 'Education', 400),
(30, 'Art Education', 'Education', 400),
(31, 'Education Foundation', 'Education', 400),
(32, 'Health and Physical Education', 'Education', 400),
(33, 'Vocational Teachers Education', 'Education', 400),
(34, 'Civil Engineering', 'Engineering', 500),
(35, 'Agric and Bio-resources Engineering', 'Engineering', 500),
(36, 'Electrical Engineering', 'Engineering', 500),
(37, 'Electronics Engineering', 'Engineering', 500),
(38, 'Mechanical Engineering', 'Engineering', 500),
(39, 'Metallurgical and Material Engineering', 'Engineering', 500),
(40, 'Geology', 'Physical Science', 500),
(41, 'Physics and Astronomy', 'Physical Science', 400),
(42, 'Chemistry', 'Physical Science', 400),
(43, 'Economics', 'Social Sciences', 400),
(44, 'Public Admin. and Local Gov.', 'Social Sciences', 400),
(45, 'Psychology', 'Social Sciences', 400),
(46, 'Political Science', 'Social Sciences', 400),
(47, 'Goegraphy', 'Social Sciences', 400),
(48, 'Philosophy', 'Social Sciences', 400),
(49, 'Religion and Cultural Study', 'Social Sciences', 400),
(50, 'Social Work', 'Social Sciences', 400),
(51, 'Sociology and Anthropology', 'Social Sciences', 400);

-- --------------------------------------------------------

--
-- Table structure for table `friday`
--

CREATE TABLE IF NOT EXISTS `friday` (
  `id` int(3) NOT NULL AUTO_INCREMENT,
  `department` varchar(100) NOT NULL,
  `level` int(3) NOT NULL,
  `T_08_09` varchar(6) NOT NULL DEFAULT 'free',
  `T_09_10` varchar(6) NOT NULL DEFAULT 'free',
  `T_10_11` varchar(6) NOT NULL DEFAULT 'free',
  `T_11_12` varchar(6) NOT NULL DEFAULT 'free',
  `T_12_01` varchar(6) NOT NULL DEFAULT 'free',
  `T_01_02` varchar(6) NOT NULL DEFAULT 'free',
  `T_02_03` varchar(6) NOT NULL DEFAULT 'free',
  `T_03_04` varchar(6) NOT NULL DEFAULT 'free',
  PRIMARY KEY (`id`),
  KEY `department` (`department`)
) ENGINE=InnoDB  DEFAULT CHARSET=latin1 AUTO_INCREMENT=188 ;

--
-- Dumping data for table `friday`
--

INSERT INTO `friday` (`id`, `department`, `level`, `T_08_09`, `T_09_10`, `T_10_11`, `T_11_12`, `T_12_01`, `T_01_02`, `T_02_03`, `T_03_04`) VALUES
(1, 'Computer Science', 100, 'free', 'free', 'MTH121', 'MTH121', 'free', 'MTH111', 'free', 'free'),
(2, 'Computer Science', 200, 'free', 'free', 'free', 'free', 'free', 'free', 'free', 'free'),
(3, 'Computer Science', 300, 'COS331', 'COS331', 'COS311', 'COS311', 'COS335', 'COS335', 'COS321', 'COS321'),
(4, 'Computer Science', 400, 'free', 'free', 'free', 'free', 'free', 'free', 'free', 'free'),
(5, 'Mathematics', 100, 'free', 'free', 'free', 'free', 'free', 'free', 'free', 'free'),
(6, 'Mathematics', 200, 'free', 'free', 'free', 'free', 'free', 'free', 'free', 'free'),
(7, 'Mathematics', 300, 'free', 'free', 'free', 'free', 'free', 'free', 'free', 'free'),
(8, 'Mathematics', 400, 'free', 'free', 'free', 'free', 'free', 'free', 'free', 'free'),
(9, 'Biochemistry', 100, 'free', 'free', 'MTH121', 'MTH121', 'free', 'MTH111', 'free', 'free'),
(10, 'Biochemistry', 200, 'free', 'free', 'free', 'free', 'free', 'free', 'free', 'free'),
(11, 'Biochemistry', 300, 'free', 'free', 'free', 'free', 'free', 'free', 'free', 'free'),
(12, 'Biochemistry', 400, 'free', 'free', 'free', 'free', 'free', 'free', 'free', 'free'),
(13, 'Microbiology', 100, 'free', 'free', 'free', 'free', 'free', 'free', 'free', 'free'),
(14, 'Microbiology', 200, 'free', 'free', 'free', 'free', 'free', 'free', 'free', 'free'),
(15, 'Microbiology', 300, 'free', 'free', 'free', 'free', 'free', 'free', 'free', 'free'),
(16, 'Microbiology', 400, 'free', 'free', 'free', 'free', 'free', 'free', 'free', 'free'),
(17, 'Statistics', 100, 'free', 'free', 'free', 'free', 'free', 'free', 'free', 'free'),
(18, 'Statistics', 200, 'free', 'free', 'free', 'free', 'free', 'free', 'free', 'free'),
(19, 'Statistics', 300, 'free', 'free', 'free', 'free', 'free', 'free', 'free', 'free'),
(20, 'Statistics', 400, 'free', 'free', 'free', 'free', 'free', 'free', 'free', 'free'),
(21, 'Agric. Economics', 100, 'free', 'free', 'free', 'free', 'free', 'free', 'free', 'free'),
(22, 'Agric. Economics', 200, 'free', 'free', 'free', 'free', 'free', 'free', 'free', 'free'),
(23, 'Agric. Economics', 300, 'free', 'free', 'free', 'free', 'free', 'free', 'free', 'free'),
(24, 'Agric. Economics', 400, 'free', 'free', 'free', 'free', 'free', 'free', 'free', 'free'),
(25, 'Agric. Economics', 500, 'free', 'free', 'free', 'free', 'free', 'free', 'free', 'free'),
(26, 'Agric. Extension', 100, 'free', 'free', 'free', 'free', 'free', 'free', 'free', 'free'),
(27, 'Agric. Extension', 200, 'free', 'free', 'free', 'free', 'free', 'free', 'free', 'free'),
(28, 'Agric. Extension', 300, 'free', 'free', 'free', 'free', 'free', 'free', 'free', 'free'),
(29, 'Agric. Extension', 400, 'free', 'free', 'free', 'free', 'free', 'free', 'free', 'free'),
(30, 'Agric. Extension', 500, 'free', 'free', 'free', 'free', 'free', 'free', 'free', 'free'),
(31, 'Soil Science', 100, 'free', 'free', 'free', 'free', 'free', 'free', 'free', 'free'),
(32, 'Soil Science', 200, 'free', 'free', 'free', 'free', 'free', 'free', 'free', 'free'),
(33, 'Soil Science', 300, 'free', 'free', 'free', 'free', 'free', 'free', 'free', 'free'),
(34, 'Soil Science', 400, 'free', 'free', 'free', 'free', 'free', 'free', 'free', 'free'),
(35, 'Soil Science', 500, 'free', 'free', 'free', 'free', 'free', 'free', 'free', 'free'),
(36, 'Food Science and Tech.', 100, 'free', 'free', 'free', 'free', 'free', 'free', 'free', 'free'),
(37, 'Food Science and Tech.', 200, 'free', 'free', 'free', 'free', 'free', 'free', 'free', 'free'),
(38, 'Food Science and Tech.', 300, 'free', 'free', 'free', 'free', 'free', 'free', 'free', 'free'),
(39, 'Food Science and Tech.', 400, 'free', 'free', 'free', 'free', 'free', 'free', 'free', 'free'),
(40, 'Food Science and Tech.', 500, 'free', 'free', 'free', 'free', 'free', 'free', 'free', 'free'),
(41, 'Home Science Nutrition and Dietetics', 100, 'free', 'free', 'free', 'free', 'free', 'free', 'free', 'free'),
(42, 'Home Science Nutrition and Dietetics', 200, 'free', 'free', 'free', 'free', 'free', 'free', 'free', 'free'),
(43, 'Home Science Nutrition and Dietetics', 300, 'free', 'free', 'free', 'free', 'free', 'free', 'free', 'free'),
(44, 'Home Science Nutrition and Dietetics', 400, 'free', 'free', 'free', 'free', 'free', 'free', 'free', 'free'),
(45, 'Archaeology and Tourism', 100, 'free', 'free', 'free', 'free', 'free', 'free', 'free', 'free'),
(46, 'Archaeology and Tourism', 200, 'free', 'free', 'free', 'free', 'free', 'free', 'free', 'free'),
(47, 'Archaeology and Tourism', 300, 'free', 'free', 'free', 'free', 'free', 'free', 'free', 'free'),
(48, 'Archaeology and Tourism', 400, 'free', 'free', 'free', 'free', 'free', 'free', 'free', 'free'),
(49, 'English and Literary Studies', 100, 'free', 'free', 'free', 'free', 'free', 'free', 'free', 'free'),
(50, 'English and Literary Studies', 200, 'free', 'free', 'free', 'free', 'free', 'free', 'free', 'free'),
(51, 'English and Literary Studies', 300, 'free', 'free', 'free', 'free', 'free', 'free', 'free', 'free'),
(52, 'English and Literary Studies', 400, 'free', 'free', 'free', 'free', 'free', 'free', 'free', 'free'),
(53, 'Fine and Applied Arts', 100, 'free', 'free', 'free', 'free', 'free', 'free', 'free', 'free'),
(54, 'Fine and Applied Arts', 200, 'free', 'free', 'free', 'free', 'free', 'free', 'free', 'free'),
(55, 'Fine and Applied Arts', 300, 'free', 'free', 'free', 'free', 'free', 'free', 'free', 'free'),
(56, 'Fine and Applied Arts', 400, 'free', 'free', 'free', 'free', 'free', 'free', 'free', 'free'),
(57, 'Foreign Languages and Literature', 100, 'free', 'free', 'free', 'free', 'free', 'free', 'free', 'free'),
(58, 'Foreign Languages and Literature', 200, 'free', 'free', 'free', 'free', 'free', 'free', 'free', 'free'),
(59, 'Foreign Languages and Literature', 300, 'free', 'free', 'free', 'free', 'free', 'free', 'free', 'free'),
(60, 'Foreign Languages and Literature', 400, 'free', 'free', 'free', 'free', 'free', 'free', 'free', 'free'),
(61, 'History and International Studies', 100, 'free', 'free', 'free', 'free', 'free', 'free', 'free', 'free'),
(62, 'History and International Studies', 200, 'free', 'free', 'free', 'free', 'free', 'free', 'free', 'free'),
(63, 'History and International Studies', 300, 'free', 'free', 'free', 'free', 'free', 'free', 'free', 'free'),
(64, 'History and International Studies', 400, 'free', 'free', 'free', 'free', 'free', 'free', 'free', 'free'),
(65, 'Linguistics and Nigerian Languages', 100, 'free', 'free', 'free', 'free', 'free', 'free', 'free', 'free'),
(66, 'Linguistics and Nigerian Languages', 200, 'free', 'free', 'free', 'free', 'free', 'free', 'free', 'free'),
(67, 'Linguistics and Nigerian Languages', 300, 'free', 'free', 'free', 'free', 'free', 'free', 'free', 'free'),
(68, 'Linguistics and Nigerian Languages', 400, 'free', 'free', 'free', 'free', 'free', 'free', 'free', 'free'),
(69, 'Mass Communication', 100, 'free', 'free', 'free', 'free', 'free', 'free', 'free', 'free'),
(70, 'Mass Communication', 200, 'free', 'free', 'free', 'free', 'free', 'free', 'free', 'free'),
(71, 'Mass Communication', 300, 'free', 'free', 'free', 'free', 'free', 'free', 'free', 'free'),
(72, 'Mass Communication', 400, 'free', 'free', 'free', 'free', 'free', 'free', 'free', 'free'),
(73, 'Music', 100, 'free', 'free', 'free', 'free', 'free', 'free', 'free', 'free'),
(74, 'Music', 200, 'free', 'free', 'free', 'free', 'free', 'free', 'free', 'free'),
(75, 'Music', 300, 'free', 'free', 'free', 'free', 'free', 'free', 'free', 'free'),
(76, 'Music', 400, 'free', 'free', 'free', 'free', 'free', 'free', 'free', 'free'),
(77, 'Theater and Film Studies', 100, 'free', 'free', 'free', 'free', 'free', 'free', 'free', 'free'),
(78, 'Theater and Film Studies', 200, 'free', 'free', 'free', 'free', 'free', 'free', 'free', 'free'),
(79, 'Theater and Film Studies', 300, 'free', 'free', 'free', 'free', 'free', 'free', 'free', 'free'),
(80, 'Theater and Film Studies', 400, 'free', 'free', 'free', 'free', 'free', 'free', 'free', 'free'),
(81, 'Botany', 100, 'free', 'free', 'free', 'free', 'free', 'free', 'free', 'free'),
(82, 'Botany', 200, 'free', 'free', 'free', 'free', 'free', 'free', 'free', 'free'),
(83, 'Botany', 300, 'free', 'free', 'free', 'free', 'free', 'free', 'free', 'free'),
(84, 'Botany', 400, 'free', 'free', 'free', 'free', 'free', 'free', 'free', 'free'),
(85, 'Zoology', 100, 'free', 'free', 'free', 'free', 'free', 'free', 'free', 'free'),
(86, 'Zoology', 200, 'free', 'free', 'free', 'free', 'free', 'free', 'free', 'free'),
(87, 'Zoology', 300, 'free', 'free', 'free', 'free', 'free', 'free', 'free', 'free'),
(88, 'Zoology', 400, 'free', 'free', 'free', 'free', 'free', 'free', 'free', 'free'),
(89, 'Adult Education', 100, 'free', 'free', 'free', 'free', 'free', 'free', 'free', 'free'),
(90, 'Adult Education', 200, 'free', 'free', 'free', 'free', 'free', 'free', 'free', 'free'),
(91, 'Adult Education', 300, 'free', 'free', 'free', 'free', 'free', 'free', 'free', 'free'),
(92, 'Adult Education', 400, 'free', 'free', 'free', 'free', 'free', 'free', 'free', 'free'),
(93, 'Art Education', 100, 'free', 'free', 'free', 'free', 'free', 'free', 'free', 'free'),
(94, 'Art Education', 200, 'free', 'free', 'free', 'free', 'free', 'free', 'free', 'free'),
(95, 'Art Education', 300, 'free', 'free', 'free', 'free', 'free', 'free', 'free', 'free'),
(96, 'Art Education', 400, 'free', 'free', 'free', 'free', 'free', 'free', 'free', 'free'),
(97, 'Education Foundation', 100, 'free', 'free', 'free', 'free', 'free', 'free', 'free', 'free'),
(98, 'Education Foundation', 200, 'free', 'free', 'free', 'free', 'free', 'free', 'free', 'free'),
(99, 'Education Foundation', 300, 'free', 'free', 'free', 'free', 'free', 'free', 'free', 'free'),
(100, 'Education Foundation', 400, 'free', 'free', 'free', 'free', 'free', 'free', 'free', 'free'),
(101, 'Health and Physical Education', 100, 'free', 'free', 'free', 'free', 'free', 'free', 'free', 'free'),
(102, 'Health and Physical Education', 200, 'free', 'free', 'free', 'free', 'free', 'free', 'free', 'free'),
(103, 'Health and Physical Education', 300, 'free', 'free', 'free', 'free', 'free', 'free', 'free', 'free'),
(104, 'Health and Physical Education', 400, 'free', 'free', 'free', 'free', 'free', 'free', 'free', 'free'),
(105, 'Vocational Teachers Education', 100, 'free', 'free', 'free', 'free', 'free', 'free', 'free', 'free'),
(106, 'Vocational Teachers Education', 200, 'free', 'free', 'free', 'free', 'free', 'free', 'free', 'free'),
(107, 'Vocational Teachers Education', 300, 'free', 'free', 'free', 'free', 'free', 'free', 'free', 'free'),
(108, 'Vocational Teachers Education', 400, 'free', 'free', 'free', 'free', 'free', 'free', 'free', 'free'),
(109, 'Civil Engineering', 100, 'free', 'free', 'free', 'free', 'free', 'free', 'free', 'free'),
(110, 'Civil Engineering', 200, 'free', 'free', 'free', 'free', 'free', 'free', 'free', 'free'),
(111, 'Civil Engineering', 300, 'free', 'free', 'free', 'free', 'free', 'free', 'free', 'free'),
(112, 'Civil Engineering', 400, 'free', 'free', 'free', 'free', 'free', 'free', 'free', 'free'),
(113, 'Civil Engineering', 500, 'free', 'free', 'free', 'free', 'free', 'free', 'free', 'free'),
(114, 'Agric and Bio-resources Engineering', 100, 'free', 'free', 'free', 'free', 'free', 'free', 'free', 'free'),
(115, 'Agric and Bio-resources Engineering', 200, 'free', 'free', 'free', 'free', 'free', 'free', 'free', 'free'),
(116, 'Agric and Bio-resources Engineering', 300, 'free', 'free', 'free', 'free', 'free', 'free', 'free', 'free'),
(117, 'Agric and Bio-resources Engineering', 400, 'free', 'free', 'free', 'free', 'free', 'free', 'free', 'free'),
(118, 'Agric and Bio-resources Engineering', 500, 'free', 'free', 'free', 'free', 'free', 'free', 'free', 'free'),
(119, 'Electrical Engineering', 100, 'free', 'free', 'free', 'free', 'free', 'free', 'free', 'free'),
(120, 'Electrical Engineering', 200, 'free', 'free', 'free', 'free', 'free', 'free', 'free', 'free'),
(121, 'Electrical Engineering', 300, 'free', 'free', 'free', 'free', 'free', 'free', 'free', 'free'),
(122, 'Electrical Engineering', 400, 'free', 'free', 'free', 'free', 'free', 'free', 'free', 'free'),
(123, 'Electrical Engineering', 500, 'free', 'free', 'free', 'free', 'free', 'free', 'free', 'free'),
(124, 'Electronics Engineering', 100, 'free', 'free', 'free', 'free', 'free', 'free', 'free', 'free'),
(125, 'Electronics Engineering', 200, 'free', 'free', 'free', 'free', 'free', 'free', 'free', 'free'),
(126, 'Electronics Engineering', 300, 'free', 'free', 'free', 'free', 'free', 'free', 'free', 'free'),
(127, 'Electronics Engineering', 400, 'free', 'free', 'free', 'free', 'free', 'free', 'free', 'free'),
(128, 'Electronics Engineering', 500, 'free', 'free', 'free', 'free', 'free', 'free', 'free', 'free'),
(129, 'Mechanical Engineering', 100, 'free', 'free', 'free', 'free', 'free', 'free', 'free', 'free'),
(130, 'Mechanical Engineering', 200, 'free', 'free', 'free', 'free', 'free', 'free', 'free', 'free'),
(131, 'Mechanical Engineering', 300, 'free', 'free', 'free', 'free', 'free', 'free', 'free', 'free'),
(132, 'Mechanical Engineering', 400, 'free', 'free', 'free', 'free', 'free', 'free', 'free', 'free'),
(133, 'Mechanical Engineering', 500, 'free', 'free', 'free', 'free', 'free', 'free', 'free', 'free'),
(134, 'Metallurgical and Material Engineering', 100, 'free', 'free', 'free', 'free', 'free', 'free', 'free', 'free'),
(135, 'Metallurgical and Material Engineering', 200, 'free', 'free', 'free', 'free', 'free', 'free', 'free', 'free'),
(136, 'Metallurgical and Material Engineering', 300, 'free', 'free', 'free', 'free', 'free', 'free', 'free', 'free'),
(137, 'Metallurgical and Material Engineering', 400, 'free', 'free', 'free', 'free', 'free', 'free', 'free', 'free'),
(138, 'Metallurgical and Material Engineering', 500, 'free', 'free', 'free', 'free', 'free', 'free', 'free', 'free'),
(139, 'Geology', 100, 'free', 'free', 'free', 'free', 'free', 'free', 'free', 'free'),
(140, 'Geology', 200, 'free', 'free', 'free', 'free', 'free', 'free', 'free', 'free'),
(141, 'Geology', 300, 'free', 'free', 'free', 'free', 'free', 'free', 'free', 'free'),
(142, 'Geology', 400, 'free', 'free', 'free', 'free', 'free', 'free', 'free', 'free'),
(143, 'Geology', 500, 'free', 'free', 'free', 'free', 'free', 'free', 'free', 'free'),
(144, 'Physics and Astronomy', 100, 'free', 'free', 'MTH121', 'MTH121', 'free', 'MTH111', 'free', 'free'),
(145, 'Physics and Astronomy', 200, 'free', 'free', 'free', 'free', 'free', 'free', 'free', 'free'),
(146, 'Physics and Astronomy', 300, 'free', 'free', 'free', 'free', 'free', 'free', 'free', 'free'),
(147, 'Physics and Astronomy', 400, 'free', 'free', 'free', 'free', 'free', 'free', 'free', 'free'),
(148, 'Chemistry', 100, 'free', 'free', 'free', 'free', 'free', 'free', 'free', 'free'),
(149, 'Chemistry', 200, 'free', 'free', 'free', 'free', 'free', 'free', 'free', 'free'),
(150, 'Chemistry', 300, 'free', 'free', 'free', 'free', 'free', 'free', 'free', 'free'),
(151, 'Chemistry', 400, 'free', 'free', 'free', 'free', 'free', 'free', 'free', 'free'),
(152, 'Economics', 100, 'free', 'free', 'free', 'free', 'free', 'free', 'free', 'free'),
(153, 'Economics', 200, 'free', 'free', 'free', 'free', 'free', 'free', 'free', 'free'),
(154, 'Economics', 300, 'free', 'free', 'free', 'free', 'free', 'free', 'free', 'free'),
(155, 'Economics', 400, 'free', 'free', 'free', 'free', 'free', 'free', 'free', 'free'),
(156, 'Public Admin. and Local Gov.', 100, 'free', 'free', 'free', 'free', 'free', 'free', 'free', 'free'),
(157, 'Public Admin. and Local Gov.', 200, 'free', 'free', 'free', 'free', 'free', 'free', 'free', 'free'),
(158, 'Public Admin. and Local Gov.', 300, 'free', 'free', 'free', 'free', 'free', 'free', 'free', 'free'),
(159, 'Public Admin. and Local Gov.', 400, 'free', 'free', 'free', 'free', 'free', 'free', 'free', 'free'),
(160, 'Psychology', 100, 'free', 'free', 'free', 'free', 'free', 'free', 'free', 'free'),
(161, 'Psychology', 200, 'free', 'free', 'free', 'free', 'free', 'free', 'free', 'free'),
(162, 'Psychology', 300, 'free', 'free', 'free', 'free', 'free', 'free', 'free', 'free'),
(163, 'Psychology', 400, 'free', 'free', 'free', 'free', 'free', 'free', 'free', 'free'),
(164, 'Political Science', 100, 'free', 'free', 'free', 'free', 'free', 'free', 'free', 'free'),
(165, 'Political Science', 200, 'free', 'free', 'free', 'free', 'free', 'free', 'free', 'free'),
(166, 'Political Science', 300, 'free', 'free', 'free', 'free', 'free', 'free', 'free', 'free'),
(167, 'Political Science', 400, 'free', 'free', 'free', 'free', 'free', 'free', 'free', 'free'),
(168, 'Goegraphy', 100, 'free', 'free', 'free', 'free', 'free', 'free', 'free', 'free'),
(169, 'Goegraphy', 200, 'free', 'free', 'free', 'free', 'free', 'free', 'free', 'free'),
(170, 'Goegraphy', 300, 'free', 'free', 'free', 'free', 'free', 'free', 'free', 'free'),
(171, 'Goegraphy', 400, 'free', 'free', 'free', 'free', 'free', 'free', 'free', 'free'),
(172, 'Philosophy', 100, 'free', 'free', 'free', 'free', 'free', 'free', 'free', 'free'),
(173, 'Philosophy', 200, 'free', 'free', 'free', 'free', 'free', 'free', 'free', 'free'),
(174, 'Philosophy', 300, 'free', 'free', 'free', 'free', 'free', 'free', 'free', 'free'),
(175, 'Philosophy', 400, 'free', 'free', 'free', 'free', 'free', 'free', 'free', 'free'),
(176, 'Religion and Cultural Study', 100, 'free', 'free', 'free', 'free', 'free', 'free', 'free', 'free'),
(177, 'Religion and Cultural Study', 200, 'free', 'free', 'free', 'free', 'free', 'free', 'free', 'free'),
(178, 'Religion and Cultural Study', 300, 'free', 'free', 'free', 'free', 'free', 'free', 'free', 'free'),
(179, 'Religion and Cultural Study', 400, 'free', 'free', 'free', 'free', 'free', 'free', 'free', 'free'),
(180, 'Social Work', 100, 'free', 'free', 'free', 'free', 'free', 'free', 'free', 'free'),
(181, 'Social Work', 200, 'free', 'free', 'free', 'free', 'free', 'free', 'free', 'free'),
(182, 'Social Work', 300, 'free', 'free', 'free', 'free', 'free', 'free', 'free', 'free'),
(183, 'Social Work', 400, 'free', 'free', 'free', 'free', 'free', 'free', 'free', 'free'),
(184, 'Sociology and Anthropology', 100, 'free', 'free', 'free', 'free', 'free', 'free', 'free', 'free'),
(185, 'Sociology and Anthropology', 200, 'free', 'free', 'free', 'free', 'free', 'free', 'free', 'free'),
(186, 'Sociology and Anthropology', 300, 'free', 'free', 'free', 'free', 'free', 'free', 'free', 'free'),
(187, 'Sociology and Anthropology', 400, 'free', 'free', 'free', 'free', 'free', 'free', 'free', 'free');

-- --------------------------------------------------------

--
-- Table structure for table `lecturers`
--

CREATE TABLE IF NOT EXISTS `lecturers` (
  `lecturerId` int(5) NOT NULL AUTO_INCREMENT,
  `lecturerName` varchar(100) NOT NULL,
  `department` varchar(100) NOT NULL,
  PRIMARY KEY (`lecturerId`),
  UNIQUE KEY `lecturerName` (`lecturerName`),
  KEY `department` (`department`)
) ENGINE=InnoDB  DEFAULT CHARSET=latin1 AUTO_INCREMENT=24 ;

--
-- Dumping data for table `lecturers`
--

INSERT INTO `lecturers` (`lecturerId`, `lecturerName`, `department`) VALUES
(1, 'Dr G. A. M. Ikekeonwu', 'Computer Science'),
(4, 'Dr Agozie Eneh', 'Computer Science'),
(5, 'Prof Nwodo', 'Biochemistry'),
(6, 'Dr Ogugua', 'Biochemistry'),
(7, 'Prof Mba', 'Mathematics'),
(8, 'Dr G. E. Okereke', 'Computer Science'),
(9, 'Prof F. S. Bakpo', 'Computer Science'),
(10, 'O. E. Oguike', 'Computer Science'),
(11, 'Chinwuko', 'Computer Science'),
(12, 'Engr. Udeanor', 'Computer Science'),
(13, 'Dr Okoronkwo', 'Computer Science'),
(14, 'Ezeugwu', 'Computer Science'),
(17, 'S. C. Echezona', 'Computer Science'),
(18, 'Dr Ebem', 'Computer Science'),
(19, 'G. Anichebe', 'Computer Science'),
(20, 'Dr M. N. Agu', 'Computer Science'),
(21, 'Dr Ezema', 'Computer Science'),
(22, 'Ugwuishiwu', 'Computer Science'),
(23, 'S. U. Aneke', 'Mathematics');

-- --------------------------------------------------------

--
-- Table structure for table `monday`
--

CREATE TABLE IF NOT EXISTS `monday` (
  `id` int(3) NOT NULL AUTO_INCREMENT,
  `department` varchar(100) NOT NULL,
  `level` int(3) NOT NULL,
  `T_08_09` varchar(6) NOT NULL DEFAULT 'free',
  `T_09_10` varchar(6) NOT NULL DEFAULT 'free',
  `T_10_11` varchar(6) NOT NULL DEFAULT 'free',
  `T_11_12` varchar(6) NOT NULL DEFAULT 'free',
  `T_12_01` varchar(6) NOT NULL DEFAULT 'free',
  `T_01_02` varchar(6) NOT NULL DEFAULT 'free',
  `T_02_03` varchar(6) NOT NULL DEFAULT 'free',
  `T_03_04` varchar(6) NOT NULL DEFAULT 'free',
  PRIMARY KEY (`id`),
  KEY `department` (`department`)
) ENGINE=InnoDB  DEFAULT CHARSET=latin1 AUTO_INCREMENT=188 ;

--
-- Dumping data for table `monday`
--

INSERT INTO `monday` (`id`, `department`, `level`, `T_08_09`, `T_09_10`, `T_10_11`, `T_11_12`, `T_12_01`, `T_01_02`, `T_02_03`, `T_03_04`) VALUES
(1, 'Computer Science', 100, 'COS101', 'COS101', 'free', 'free', 'free', 'free', 'MTH111', 'MTH111'),
(2, 'Computer Science', 200, 'free', 'free', 'free', 'free', 'free', 'free', 'free', 'free'),
(3, 'Computer Science', 300, 'free', 'free', 'free', 'free', 'COS333', 'COS333', 'free', 'free'),
(4, 'Computer Science', 400, 'COS413', 'COS413', 'free', 'free', 'free', 'free', 'COS411', 'COS411'),
(5, 'Mathematics', 100, 'free', 'free', 'free', 'free', 'free', 'free', 'free', 'free'),
(6, 'Mathematics', 200, 'free', 'free', 'free', 'free', 'free', 'free', 'free', 'free'),
(7, 'Mathematics', 300, 'free', 'free', 'free', 'free', 'free', 'free', 'free', 'free'),
(8, 'Mathematics', 400, 'free', 'free', 'free', 'free', 'free', 'free', 'free', 'free'),
(9, 'Biochemistry', 100, 'free', 'free', 'free', 'free', 'free', 'free', 'MTH111', 'MTH111'),
(10, 'Biochemistry', 200, 'COS101', 'COS101', 'free', 'free', 'free', 'free', 'free', 'free'),
(11, 'Biochemistry', 300, 'free', 'free', 'free', 'free', 'free', 'free', 'free', 'free'),
(12, 'Biochemistry', 400, 'free', 'free', 'free', 'free', 'free', 'free', 'free', 'free'),
(13, 'Microbiology', 100, 'free', 'free', 'free', 'free', 'free', 'free', 'free', 'free'),
(14, 'Microbiology', 200, 'free', 'free', 'free', 'free', 'free', 'free', 'free', 'free'),
(15, 'Microbiology', 300, 'free', 'free', 'free', 'free', 'free', 'free', 'free', 'free'),
(16, 'Microbiology', 400, 'free', 'free', 'free', 'free', 'free', 'free', 'free', 'free'),
(17, 'Statistics', 100, 'free', 'free', 'free', 'free', 'free', 'free', 'free', 'free'),
(18, 'Statistics', 200, 'free', 'free', 'free', 'free', 'free', 'free', 'free', 'free'),
(19, 'Statistics', 300, 'free', 'free', 'free', 'free', 'free', 'free', 'free', 'free'),
(20, 'Statistics', 400, 'free', 'free', 'free', 'free', 'free', 'free', 'free', 'free'),
(21, 'Agric. Economics', 100, 'free', 'free', 'free', 'free', 'free', 'free', 'free', 'free'),
(22, 'Agric. Economics', 200, 'free', 'free', 'free', 'free', 'free', 'free', 'free', 'free'),
(23, 'Agric. Economics', 300, 'free', 'free', 'free', 'free', 'free', 'free', 'free', 'free'),
(24, 'Agric. Economics', 400, 'free', 'free', 'free', 'free', 'free', 'free', 'free', 'free'),
(25, 'Agric. Economics', 500, 'free', 'free', 'free', 'free', 'free', 'free', 'free', 'free'),
(26, 'Agric. Extension', 100, 'free', 'free', 'free', 'free', 'free', 'free', 'free', 'free'),
(27, 'Agric. Extension', 200, 'free', 'free', 'free', 'free', 'free', 'free', 'free', 'free'),
(28, 'Agric. Extension', 300, 'free', 'free', 'free', 'free', 'free', 'free', 'free', 'free'),
(29, 'Agric. Extension', 400, 'free', 'free', 'free', 'free', 'free', 'free', 'free', 'free'),
(30, 'Agric. Extension', 500, 'free', 'free', 'free', 'free', 'free', 'free', 'free', 'free'),
(31, 'Soil Science', 100, 'free', 'free', 'free', 'free', 'free', 'free', 'free', 'free'),
(32, 'Soil Science', 200, 'free', 'free', 'free', 'free', 'free', 'free', 'free', 'free'),
(33, 'Soil Science', 300, 'free', 'free', 'free', 'free', 'free', 'free', 'free', 'free'),
(34, 'Soil Science', 400, 'free', 'free', 'free', 'free', 'free', 'free', 'free', 'free'),
(35, 'Soil Science', 500, 'free', 'free', 'free', 'free', 'free', 'free', 'free', 'free'),
(36, 'Food Science and Tech.', 100, 'free', 'free', 'free', 'free', 'free', 'free', 'free', 'free'),
(37, 'Food Science and Tech.', 200, 'free', 'free', 'free', 'free', 'free', 'free', 'free', 'free'),
(38, 'Food Science and Tech.', 300, 'free', 'free', 'free', 'free', 'free', 'free', 'free', 'free'),
(39, 'Food Science and Tech.', 400, 'free', 'free', 'free', 'free', 'free', 'free', 'free', 'free'),
(40, 'Food Science and Tech.', 500, 'free', 'free', 'free', 'free', 'free', 'free', 'free', 'free'),
(41, 'Home Science Nutrition and Dietetics', 100, 'free', 'free', 'free', 'free', 'free', 'free', 'free', 'free'),
(42, 'Home Science Nutrition and Dietetics', 200, 'free', 'free', 'free', 'free', 'free', 'free', 'free', 'free'),
(43, 'Home Science Nutrition and Dietetics', 300, 'free', 'free', 'free', 'free', 'free', 'free', 'free', 'free'),
(44, 'Home Science Nutrition and Dietetics', 400, 'free', 'free', 'free', 'free', 'free', 'free', 'free', 'free'),
(45, 'Archaeology and Tourism', 100, 'free', 'free', 'free', 'free', 'free', 'free', 'free', 'free'),
(46, 'Archaeology and Tourism', 200, 'free', 'free', 'free', 'free', 'free', 'free', 'free', 'free'),
(47, 'Archaeology and Tourism', 300, 'free', 'free', 'free', 'free', 'free', 'free', 'free', 'free'),
(48, 'Archaeology and Tourism', 400, 'free', 'free', 'free', 'free', 'free', 'free', 'free', 'free'),
(49, 'English and Literary Studies', 100, 'free', 'free', 'free', 'free', 'free', 'free', 'free', 'free'),
(50, 'English and Literary Studies', 200, 'free', 'free', 'free', 'free', 'free', 'free', 'free', 'free'),
(51, 'English and Literary Studies', 300, 'free', 'free', 'free', 'free', 'free', 'free', 'free', 'free'),
(52, 'English and Literary Studies', 400, 'free', 'free', 'free', 'free', 'free', 'free', 'free', 'free'),
(53, 'Fine and Applied Arts', 100, 'free', 'free', 'free', 'free', 'free', 'free', 'free', 'free'),
(54, 'Fine and Applied Arts', 200, 'free', 'free', 'free', 'free', 'free', 'free', 'free', 'free'),
(55, 'Fine and Applied Arts', 300, 'free', 'free', 'free', 'free', 'free', 'free', 'free', 'free'),
(56, 'Fine and Applied Arts', 400, 'free', 'free', 'free', 'free', 'free', 'free', 'free', 'free'),
(57, 'Foreign Languages and Literature', 100, 'free', 'free', 'free', 'free', 'free', 'free', 'free', 'free'),
(58, 'Foreign Languages and Literature', 200, 'free', 'free', 'free', 'free', 'free', 'free', 'free', 'free'),
(59, 'Foreign Languages and Literature', 300, 'free', 'free', 'free', 'free', 'free', 'free', 'free', 'free'),
(60, 'Foreign Languages and Literature', 400, 'free', 'free', 'free', 'free', 'free', 'free', 'free', 'free'),
(61, 'History and International Studies', 100, 'free', 'free', 'free', 'free', 'free', 'free', 'free', 'free'),
(62, 'History and International Studies', 200, 'free', 'free', 'free', 'free', 'free', 'free', 'free', 'free'),
(63, 'History and International Studies', 300, 'free', 'free', 'free', 'free', 'free', 'free', 'free', 'free'),
(64, 'History and International Studies', 400, 'free', 'free', 'free', 'free', 'free', 'free', 'free', 'free'),
(65, 'Linguistics and Nigerian Languages', 100, 'free', 'free', 'free', 'free', 'free', 'free', 'free', 'free'),
(66, 'Linguistics and Nigerian Languages', 200, 'free', 'free', 'free', 'free', 'free', 'free', 'free', 'free'),
(67, 'Linguistics and Nigerian Languages', 300, 'free', 'free', 'free', 'free', 'free', 'free', 'free', 'free'),
(68, 'Linguistics and Nigerian Languages', 400, 'free', 'free', 'free', 'free', 'free', 'free', 'free', 'free'),
(69, 'Mass Communication', 100, 'free', 'free', 'free', 'free', 'free', 'free', 'free', 'free'),
(70, 'Mass Communication', 200, 'free', 'free', 'free', 'free', 'free', 'free', 'free', 'free'),
(71, 'Mass Communication', 300, 'free', 'free', 'free', 'free', 'free', 'free', 'free', 'free'),
(72, 'Mass Communication', 400, 'free', 'free', 'free', 'free', 'free', 'free', 'free', 'free'),
(73, 'Music', 100, 'free', 'free', 'free', 'free', 'free', 'free', 'free', 'free'),
(74, 'Music', 200, 'free', 'free', 'free', 'free', 'free', 'free', 'free', 'free'),
(75, 'Music', 300, 'free', 'free', 'free', 'free', 'free', 'free', 'free', 'free'),
(76, 'Music', 400, 'free', 'free', 'free', 'free', 'free', 'free', 'free', 'free'),
(77, 'Theater and Film Studies', 100, 'free', 'free', 'free', 'free', 'free', 'free', 'free', 'free'),
(78, 'Theater and Film Studies', 200, 'free', 'free', 'free', 'free', 'free', 'free', 'free', 'free'),
(79, 'Theater and Film Studies', 300, 'free', 'free', 'free', 'free', 'free', 'free', 'free', 'free'),
(80, 'Theater and Film Studies', 400, 'free', 'free', 'free', 'free', 'free', 'free', 'free', 'free'),
(81, 'Botany', 100, 'free', 'free', 'free', 'free', 'free', 'free', 'free', 'free'),
(82, 'Botany', 200, 'free', 'free', 'free', 'free', 'free', 'free', 'free', 'free'),
(83, 'Botany', 300, 'free', 'free', 'free', 'free', 'free', 'free', 'free', 'free'),
(84, 'Botany', 400, 'free', 'free', 'free', 'free', 'free', 'free', 'free', 'free'),
(85, 'Zoology', 100, 'free', 'free', 'free', 'free', 'free', 'free', 'free', 'free'),
(86, 'Zoology', 200, 'free', 'free', 'free', 'free', 'free', 'free', 'free', 'free'),
(87, 'Zoology', 300, 'free', 'free', 'free', 'free', 'free', 'free', 'free', 'free'),
(88, 'Zoology', 400, 'free', 'free', 'free', 'free', 'free', 'free', 'free', 'free'),
(89, 'Adult Education', 100, 'free', 'free', 'free', 'free', 'free', 'free', 'free', 'free'),
(90, 'Adult Education', 200, 'free', 'free', 'free', 'free', 'free', 'free', 'free', 'free'),
(91, 'Adult Education', 300, 'free', 'free', 'free', 'free', 'free', 'free', 'free', 'free'),
(92, 'Adult Education', 400, 'free', 'free', 'free', 'free', 'free', 'free', 'free', 'free'),
(93, 'Art Education', 100, 'free', 'free', 'free', 'free', 'free', 'free', 'free', 'free'),
(94, 'Art Education', 200, 'free', 'free', 'free', 'free', 'free', 'free', 'free', 'free'),
(95, 'Art Education', 300, 'free', 'free', 'free', 'free', 'free', 'free', 'free', 'free'),
(96, 'Art Education', 400, 'free', 'free', 'free', 'free', 'free', 'free', 'free', 'free'),
(97, 'Education Foundation', 100, 'free', 'free', 'free', 'free', 'free', 'free', 'free', 'free'),
(98, 'Education Foundation', 200, 'free', 'free', 'free', 'free', 'free', 'free', 'free', 'free'),
(99, 'Education Foundation', 300, 'free', 'free', 'free', 'free', 'free', 'free', 'free', 'free'),
(100, 'Education Foundation', 400, 'free', 'free', 'free', 'free', 'free', 'free', 'free', 'free'),
(101, 'Health and Physical Education', 100, 'free', 'free', 'free', 'free', 'free', 'free', 'free', 'free'),
(102, 'Health and Physical Education', 200, 'free', 'free', 'free', 'free', 'free', 'free', 'free', 'free'),
(103, 'Health and Physical Education', 300, 'free', 'free', 'free', 'free', 'free', 'free', 'free', 'free'),
(104, 'Health and Physical Education', 400, 'free', 'free', 'free', 'free', 'free', 'free', 'free', 'free'),
(105, 'Vocational Teachers Education', 100, 'free', 'free', 'free', 'free', 'free', 'free', 'free', 'free'),
(106, 'Vocational Teachers Education', 200, 'free', 'free', 'free', 'free', 'free', 'free', 'free', 'free'),
(107, 'Vocational Teachers Education', 300, 'free', 'free', 'free', 'free', 'free', 'free', 'free', 'free'),
(108, 'Vocational Teachers Education', 400, 'free', 'free', 'free', 'free', 'free', 'free', 'free', 'free'),
(109, 'Civil Engineering', 100, 'free', 'free', 'free', 'free', 'free', 'free', 'free', 'free'),
(110, 'Civil Engineering', 200, 'free', 'free', 'free', 'free', 'free', 'free', 'free', 'free'),
(111, 'Civil Engineering', 300, 'free', 'free', 'free', 'free', 'free', 'free', 'free', 'free'),
(112, 'Civil Engineering', 400, 'free', 'free', 'free', 'free', 'free', 'free', 'free', 'free'),
(113, 'Civil Engineering', 500, 'free', 'free', 'free', 'free', 'free', 'free', 'free', 'free'),
(114, 'Agric and Bio-resources Engineering', 100, 'free', 'free', 'free', 'free', 'free', 'free', 'free', 'free'),
(115, 'Agric and Bio-resources Engineering', 200, 'free', 'free', 'free', 'free', 'free', 'free', 'free', 'free'),
(116, 'Agric and Bio-resources Engineering', 300, 'free', 'free', 'free', 'free', 'free', 'free', 'free', 'free'),
(117, 'Agric and Bio-resources Engineering', 400, 'free', 'free', 'free', 'free', 'free', 'free', 'free', 'free'),
(118, 'Agric and Bio-resources Engineering', 500, 'free', 'free', 'free', 'free', 'free', 'free', 'free', 'free'),
(119, 'Electrical Engineering', 100, 'free', 'free', 'free', 'free', 'free', 'free', 'free', 'free'),
(120, 'Electrical Engineering', 200, 'free', 'free', 'free', 'free', 'free', 'free', 'free', 'free'),
(121, 'Electrical Engineering', 300, 'free', 'free', 'free', 'free', 'free', 'free', 'free', 'free'),
(122, 'Electrical Engineering', 400, 'free', 'free', 'free', 'free', 'free', 'free', 'free', 'free'),
(123, 'Electrical Engineering', 500, 'free', 'free', 'free', 'free', 'free', 'free', 'free', 'free'),
(124, 'Electronics Engineering', 100, 'free', 'free', 'free', 'free', 'free', 'free', 'free', 'free'),
(125, 'Electronics Engineering', 200, 'free', 'free', 'free', 'free', 'free', 'free', 'free', 'free'),
(126, 'Electronics Engineering', 300, 'free', 'free', 'free', 'free', 'free', 'free', 'free', 'free'),
(127, 'Electronics Engineering', 400, 'free', 'free', 'free', 'free', 'free', 'free', 'free', 'free'),
(128, 'Electronics Engineering', 500, 'free', 'free', 'free', 'free', 'free', 'free', 'free', 'free'),
(129, 'Mechanical Engineering', 100, 'free', 'free', 'free', 'free', 'free', 'free', 'free', 'free'),
(130, 'Mechanical Engineering', 200, 'free', 'free', 'free', 'free', 'free', 'free', 'free', 'free'),
(131, 'Mechanical Engineering', 300, 'free', 'free', 'free', 'free', 'free', 'free', 'free', 'free'),
(132, 'Mechanical Engineering', 400, 'free', 'free', 'free', 'free', 'free', 'free', 'free', 'free'),
(133, 'Mechanical Engineering', 500, 'free', 'free', 'free', 'free', 'free', 'free', 'free', 'free'),
(134, 'Metallurgical and Material Engineering', 100, 'free', 'free', 'free', 'free', 'free', 'free', 'free', 'free'),
(135, 'Metallurgical and Material Engineering', 200, 'free', 'free', 'free', 'free', 'free', 'free', 'free', 'free'),
(136, 'Metallurgical and Material Engineering', 300, 'free', 'free', 'free', 'free', 'free', 'free', 'free', 'free'),
(137, 'Metallurgical and Material Engineering', 400, 'free', 'free', 'free', 'free', 'free', 'free', 'free', 'free'),
(138, 'Metallurgical and Material Engineering', 500, 'free', 'free', 'free', 'free', 'free', 'free', 'free', 'free'),
(139, 'Geology', 100, 'free', 'free', 'free', 'free', 'free', 'free', 'free', 'free'),
(140, 'Geology', 200, 'free', 'free', 'free', 'free', 'free', 'free', 'free', 'free'),
(141, 'Geology', 300, 'free', 'free', 'free', 'free', 'free', 'free', 'free', 'free'),
(142, 'Geology', 400, 'free', 'free', 'free', 'free', 'free', 'free', 'free', 'free'),
(143, 'Geology', 500, 'free', 'free', 'free', 'free', 'free', 'free', 'free', 'free'),
(144, 'Physics and Astronomy', 100, 'free', 'free', 'free', 'free', 'free', 'free', 'MTH111', 'MTH111'),
(145, 'Physics and Astronomy', 200, 'free', 'free', 'free', 'free', 'free', 'free', 'free', 'free'),
(146, 'Physics and Astronomy', 300, 'free', 'free', 'free', 'free', 'free', 'free', 'free', 'free'),
(147, 'Physics and Astronomy', 400, 'free', 'free', 'free', 'free', 'free', 'free', 'free', 'free'),
(148, 'Chemistry', 100, 'free', 'free', 'free', 'free', 'free', 'free', 'free', 'free'),
(149, 'Chemistry', 200, 'free', 'free', 'free', 'free', 'free', 'free', 'free', 'free'),
(150, 'Chemistry', 300, 'free', 'free', 'free', 'free', 'free', 'free', 'free', 'free'),
(151, 'Chemistry', 400, 'free', 'free', 'free', 'free', 'free', 'free', 'free', 'free'),
(152, 'Economics', 100, 'free', 'free', 'free', 'free', 'free', 'free', 'free', 'free'),
(153, 'Economics', 200, 'free', 'free', 'free', 'free', 'free', 'free', 'free', 'free'),
(154, 'Economics', 300, 'free', 'free', 'free', 'free', 'free', 'free', 'free', 'free'),
(155, 'Economics', 400, 'free', 'free', 'free', 'free', 'free', 'free', 'free', 'free'),
(156, 'Public Admin. and Local Gov.', 100, 'free', 'free', 'free', 'free', 'free', 'free', 'free', 'free'),
(157, 'Public Admin. and Local Gov.', 200, 'free', 'free', 'free', 'free', 'free', 'free', 'free', 'free'),
(158, 'Public Admin. and Local Gov.', 300, 'free', 'free', 'free', 'free', 'free', 'free', 'free', 'free'),
(159, 'Public Admin. and Local Gov.', 400, 'free', 'free', 'free', 'free', 'free', 'free', 'free', 'free'),
(160, 'Psychology', 100, 'free', 'free', 'free', 'free', 'free', 'free', 'free', 'free'),
(161, 'Psychology', 200, 'free', 'free', 'free', 'free', 'free', 'free', 'free', 'free'),
(162, 'Psychology', 300, 'free', 'free', 'free', 'free', 'free', 'free', 'free', 'free'),
(163, 'Psychology', 400, 'free', 'free', 'free', 'free', 'free', 'free', 'free', 'free'),
(164, 'Political Science', 100, 'free', 'free', 'free', 'free', 'free', 'free', 'free', 'free'),
(165, 'Political Science', 200, 'free', 'free', 'free', 'free', 'free', 'free', 'free', 'free'),
(166, 'Political Science', 300, 'free', 'free', 'free', 'free', 'free', 'free', 'free', 'free'),
(167, 'Political Science', 400, 'free', 'free', 'free', 'free', 'free', 'free', 'free', 'free'),
(168, 'Goegraphy', 100, 'free', 'free', 'free', 'free', 'free', 'free', 'free', 'free'),
(169, 'Goegraphy', 200, 'free', 'free', 'free', 'free', 'free', 'free', 'free', 'free'),
(170, 'Goegraphy', 300, 'free', 'free', 'free', 'free', 'free', 'free', 'free', 'free'),
(171, 'Goegraphy', 400, 'free', 'free', 'free', 'free', 'free', 'free', 'free', 'free'),
(172, 'Philosophy', 100, 'free', 'free', 'free', 'free', 'free', 'free', 'free', 'free'),
(173, 'Philosophy', 200, 'free', 'free', 'free', 'free', 'free', 'free', 'free', 'free'),
(174, 'Philosophy', 300, 'free', 'free', 'free', 'free', 'free', 'free', 'free', 'free'),
(175, 'Philosophy', 400, 'free', 'free', 'free', 'free', 'free', 'free', 'free', 'free'),
(176, 'Religion and Cultural Study', 100, 'free', 'free', 'free', 'free', 'free', 'free', 'free', 'free'),
(177, 'Religion and Cultural Study', 200, 'free', 'free', 'free', 'free', 'free', 'free', 'free', 'free'),
(178, 'Religion and Cultural Study', 300, 'free', 'free', 'free', 'free', 'free', 'free', 'free', 'free'),
(179, 'Religion and Cultural Study', 400, 'free', 'free', 'free', 'free', 'free', 'free', 'free', 'free'),
(180, 'Social Work', 100, 'free', 'free', 'free', 'free', 'free', 'free', 'free', 'free'),
(181, 'Social Work', 200, 'free', 'free', 'free', 'free', 'free', 'free', 'free', 'free'),
(182, 'Social Work', 300, 'free', 'free', 'free', 'free', 'free', 'free', 'free', 'free'),
(183, 'Social Work', 400, 'free', 'free', 'free', 'free', 'free', 'free', 'free', 'free'),
(184, 'Sociology and Anthropology', 100, 'free', 'free', 'free', 'free', 'free', 'free', 'free', 'free'),
(185, 'Sociology and Anthropology', 200, 'free', 'free', 'free', 'free', 'free', 'free', 'free', 'free'),
(186, 'Sociology and Anthropology', 300, 'free', 'free', 'free', 'free', 'free', 'free', 'free', 'free'),
(187, 'Sociology and Anthropology', 400, 'free', 'free', 'free', 'free', 'free', 'free', 'free', 'free');

-- --------------------------------------------------------

--
-- Table structure for table `thursday`
--

CREATE TABLE IF NOT EXISTS `thursday` (
  `id` int(3) NOT NULL AUTO_INCREMENT,
  `department` varchar(100) NOT NULL,
  `level` int(3) NOT NULL,
  `T_08_09` varchar(6) NOT NULL DEFAULT 'free',
  `T_09_10` varchar(6) NOT NULL DEFAULT 'free',
  `T_10_11` varchar(6) NOT NULL DEFAULT 'free',
  `T_11_12` varchar(6) NOT NULL DEFAULT 'free',
  `T_12_01` varchar(6) NOT NULL DEFAULT 'free',
  `T_01_02` varchar(6) NOT NULL DEFAULT 'free',
  `T_02_03` varchar(6) NOT NULL DEFAULT 'free',
  `T_03_04` varchar(6) NOT NULL DEFAULT 'free',
  PRIMARY KEY (`id`),
  KEY `department` (`department`)
) ENGINE=InnoDB  DEFAULT CHARSET=latin1 AUTO_INCREMENT=188 ;

--
-- Dumping data for table `thursday`
--

INSERT INTO `thursday` (`id`, `department`, `level`, `T_08_09`, `T_09_10`, `T_10_11`, `T_11_12`, `T_12_01`, `T_01_02`, `T_02_03`, `T_03_04`) VALUES
(1, 'Computer Science', 100, 'free', 'free', 'free', 'free', 'free', 'free', 'MTH121', 'free'),
(2, 'Computer Science', 200, 'COS251', 'COS251', 'free', 'free', 'free', 'free', 'free', 'free'),
(3, 'Computer Science', 300, 'free', 'free', 'free', 'free', 'free', 'free', 'free', 'free'),
(4, 'Computer Science', 400, 'COS457', 'COS457', 'free', 'free', 'COS461', 'COS461', 'COS455', 'COS455'),
(5, 'Mathematics', 100, 'free', 'free', 'free', 'free', 'free', 'free', 'free', 'free'),
(6, 'Mathematics', 200, 'free', 'free', 'free', 'free', 'free', 'free', 'free', 'free'),
(7, 'Mathematics', 300, 'free', 'free', 'free', 'free', 'free', 'free', 'free', 'free'),
(8, 'Mathematics', 400, 'free', 'free', 'free', 'free', 'free', 'free', 'free', 'free'),
(9, 'Biochemistry', 100, 'free', 'free', 'free', 'free', 'free', 'free', 'MTH121', 'free'),
(10, 'Biochemistry', 200, 'free', 'free', 'free', 'free', 'free', 'free', 'free', 'free'),
(11, 'Biochemistry', 300, 'free', 'free', 'free', 'free', 'free', 'free', 'free', 'free'),
(12, 'Biochemistry', 400, 'free', 'free', 'free', 'free', 'free', 'free', 'free', 'free'),
(13, 'Microbiology', 100, 'free', 'free', 'free', 'free', 'free', 'free', 'free', 'free'),
(14, 'Microbiology', 200, 'free', 'free', 'free', 'free', 'free', 'free', 'free', 'free'),
(15, 'Microbiology', 300, 'free', 'free', 'free', 'free', 'free', 'free', 'free', 'free'),
(16, 'Microbiology', 400, 'free', 'free', 'free', 'free', 'free', 'free', 'free', 'free'),
(17, 'Statistics', 100, 'free', 'free', 'free', 'free', 'free', 'free', 'free', 'free'),
(18, 'Statistics', 200, 'free', 'free', 'free', 'free', 'free', 'free', 'free', 'free'),
(19, 'Statistics', 300, 'free', 'free', 'free', 'free', 'free', 'free', 'free', 'free'),
(20, 'Statistics', 400, 'free', 'free', 'free', 'free', 'free', 'free', 'free', 'free'),
(21, 'Agric. Economics', 100, 'free', 'free', 'free', 'free', 'free', 'free', 'free', 'free'),
(22, 'Agric. Economics', 200, 'free', 'free', 'free', 'free', 'free', 'free', 'free', 'free'),
(23, 'Agric. Economics', 300, 'free', 'free', 'free', 'free', 'free', 'free', 'free', 'free'),
(24, 'Agric. Economics', 400, 'free', 'free', 'free', 'free', 'free', 'free', 'free', 'free'),
(25, 'Agric. Economics', 500, 'free', 'free', 'free', 'free', 'free', 'free', 'free', 'free'),
(26, 'Agric. Extension', 100, 'free', 'free', 'free', 'free', 'free', 'free', 'free', 'free'),
(27, 'Agric. Extension', 200, 'free', 'free', 'free', 'free', 'free', 'free', 'free', 'free'),
(28, 'Agric. Extension', 300, 'free', 'free', 'free', 'free', 'free', 'free', 'free', 'free'),
(29, 'Agric. Extension', 400, 'free', 'free', 'free', 'free', 'free', 'free', 'free', 'free'),
(30, 'Agric. Extension', 500, 'free', 'free', 'free', 'free', 'free', 'free', 'free', 'free'),
(31, 'Soil Science', 100, 'free', 'free', 'free', 'free', 'free', 'free', 'free', 'free'),
(32, 'Soil Science', 200, 'free', 'free', 'free', 'free', 'free', 'free', 'free', 'free'),
(33, 'Soil Science', 300, 'free', 'free', 'free', 'free', 'free', 'free', 'free', 'free'),
(34, 'Soil Science', 400, 'free', 'free', 'free', 'free', 'free', 'free', 'free', 'free'),
(35, 'Soil Science', 500, 'free', 'free', 'free', 'free', 'free', 'free', 'free', 'free'),
(36, 'Food Science and Tech.', 100, 'free', 'free', 'free', 'free', 'free', 'free', 'free', 'free'),
(37, 'Food Science and Tech.', 200, 'free', 'free', 'free', 'free', 'free', 'free', 'free', 'free'),
(38, 'Food Science and Tech.', 300, 'free', 'free', 'free', 'free', 'free', 'free', 'free', 'free'),
(39, 'Food Science and Tech.', 400, 'free', 'free', 'free', 'free', 'free', 'free', 'free', 'free'),
(40, 'Food Science and Tech.', 500, 'free', 'free', 'free', 'free', 'free', 'free', 'free', 'free'),
(41, 'Home Science Nutrition and Dietetics', 100, 'free', 'free', 'free', 'free', 'free', 'free', 'free', 'free'),
(42, 'Home Science Nutrition and Dietetics', 200, 'free', 'free', 'free', 'free', 'free', 'free', 'free', 'free'),
(43, 'Home Science Nutrition and Dietetics', 300, 'free', 'free', 'free', 'free', 'free', 'free', 'free', 'free'),
(44, 'Home Science Nutrition and Dietetics', 400, 'free', 'free', 'free', 'free', 'free', 'free', 'free', 'free'),
(45, 'Archaeology and Tourism', 100, 'free', 'free', 'free', 'free', 'free', 'free', 'free', 'free'),
(46, 'Archaeology and Tourism', 200, 'free', 'free', 'free', 'free', 'free', 'free', 'free', 'free'),
(47, 'Archaeology and Tourism', 300, 'free', 'free', 'free', 'free', 'free', 'free', 'free', 'free'),
(48, 'Archaeology and Tourism', 400, 'free', 'free', 'free', 'free', 'free', 'free', 'free', 'free'),
(49, 'English and Literary Studies', 100, 'free', 'free', 'free', 'free', 'free', 'free', 'free', 'free'),
(50, 'English and Literary Studies', 200, 'free', 'free', 'free', 'free', 'free', 'free', 'free', 'free'),
(51, 'English and Literary Studies', 300, 'free', 'free', 'free', 'free', 'free', 'free', 'free', 'free'),
(52, 'English and Literary Studies', 400, 'free', 'free', 'free', 'free', 'free', 'free', 'free', 'free'),
(53, 'Fine and Applied Arts', 100, 'free', 'free', 'free', 'free', 'free', 'free', 'free', 'free'),
(54, 'Fine and Applied Arts', 200, 'free', 'free', 'free', 'free', 'free', 'free', 'free', 'free'),
(55, 'Fine and Applied Arts', 300, 'free', 'free', 'free', 'free', 'free', 'free', 'free', 'free'),
(56, 'Fine and Applied Arts', 400, 'free', 'free', 'free', 'free', 'free', 'free', 'free', 'free'),
(57, 'Foreign Languages and Literature', 100, 'free', 'free', 'free', 'free', 'free', 'free', 'free', 'free'),
(58, 'Foreign Languages and Literature', 200, 'free', 'free', 'free', 'free', 'free', 'free', 'free', 'free'),
(59, 'Foreign Languages and Literature', 300, 'free', 'free', 'free', 'free', 'free', 'free', 'free', 'free'),
(60, 'Foreign Languages and Literature', 400, 'free', 'free', 'free', 'free', 'free', 'free', 'free', 'free'),
(61, 'History and International Studies', 100, 'free', 'free', 'free', 'free', 'free', 'free', 'free', 'free'),
(62, 'History and International Studies', 200, 'free', 'free', 'free', 'free', 'free', 'free', 'free', 'free'),
(63, 'History and International Studies', 300, 'free', 'free', 'free', 'free', 'free', 'free', 'free', 'free'),
(64, 'History and International Studies', 400, 'free', 'free', 'free', 'free', 'free', 'free', 'free', 'free'),
(65, 'Linguistics and Nigerian Languages', 100, 'free', 'free', 'free', 'free', 'free', 'free', 'free', 'free'),
(66, 'Linguistics and Nigerian Languages', 200, 'free', 'free', 'free', 'free', 'free', 'free', 'free', 'free'),
(67, 'Linguistics and Nigerian Languages', 300, 'free', 'free', 'free', 'free', 'free', 'free', 'free', 'free'),
(68, 'Linguistics and Nigerian Languages', 400, 'free', 'free', 'free', 'free', 'free', 'free', 'free', 'free'),
(69, 'Mass Communication', 100, 'free', 'free', 'free', 'free', 'free', 'free', 'free', 'free'),
(70, 'Mass Communication', 200, 'free', 'free', 'free', 'free', 'free', 'free', 'free', 'free'),
(71, 'Mass Communication', 300, 'free', 'free', 'free', 'free', 'free', 'free', 'free', 'free'),
(72, 'Mass Communication', 400, 'free', 'free', 'free', 'free', 'free', 'free', 'free', 'free'),
(73, 'Music', 100, 'free', 'free', 'free', 'free', 'free', 'free', 'free', 'free'),
(74, 'Music', 200, 'free', 'free', 'free', 'free', 'free', 'free', 'free', 'free'),
(75, 'Music', 300, 'free', 'free', 'free', 'free', 'free', 'free', 'free', 'free'),
(76, 'Music', 400, 'free', 'free', 'free', 'free', 'free', 'free', 'free', 'free'),
(77, 'Theater and Film Studies', 100, 'free', 'free', 'free', 'free', 'free', 'free', 'free', 'free'),
(78, 'Theater and Film Studies', 200, 'free', 'free', 'free', 'free', 'free', 'free', 'free', 'free'),
(79, 'Theater and Film Studies', 300, 'free', 'free', 'free', 'free', 'free', 'free', 'free', 'free'),
(80, 'Theater and Film Studies', 400, 'free', 'free', 'free', 'free', 'free', 'free', 'free', 'free'),
(81, 'Botany', 100, 'free', 'free', 'free', 'free', 'free', 'free', 'free', 'free'),
(82, 'Botany', 200, 'free', 'free', 'free', 'free', 'free', 'free', 'free', 'free'),
(83, 'Botany', 300, 'free', 'free', 'free', 'free', 'free', 'free', 'free', 'free'),
(84, 'Botany', 400, 'free', 'free', 'free', 'free', 'free', 'free', 'free', 'free'),
(85, 'Zoology', 100, 'free', 'free', 'free', 'free', 'free', 'free', 'free', 'free'),
(86, 'Zoology', 200, 'free', 'free', 'free', 'free', 'free', 'free', 'free', 'free'),
(87, 'Zoology', 300, 'free', 'free', 'free', 'free', 'free', 'free', 'free', 'free'),
(88, 'Zoology', 400, 'free', 'free', 'free', 'free', 'free', 'free', 'free', 'free'),
(89, 'Adult Education', 100, 'free', 'free', 'free', 'free', 'free', 'free', 'free', 'free'),
(90, 'Adult Education', 200, 'free', 'free', 'free', 'free', 'free', 'free', 'free', 'free'),
(91, 'Adult Education', 300, 'free', 'free', 'free', 'free', 'free', 'free', 'free', 'free'),
(92, 'Adult Education', 400, 'free', 'free', 'free', 'free', 'free', 'free', 'free', 'free'),
(93, 'Art Education', 100, 'free', 'free', 'free', 'free', 'free', 'free', 'free', 'free'),
(94, 'Art Education', 200, 'free', 'free', 'free', 'free', 'free', 'free', 'free', 'free'),
(95, 'Art Education', 300, 'free', 'free', 'free', 'free', 'free', 'free', 'free', 'free'),
(96, 'Art Education', 400, 'free', 'free', 'free', 'free', 'free', 'free', 'free', 'free'),
(97, 'Education Foundation', 100, 'free', 'free', 'free', 'free', 'free', 'free', 'free', 'free'),
(98, 'Education Foundation', 200, 'free', 'free', 'free', 'free', 'free', 'free', 'free', 'free'),
(99, 'Education Foundation', 300, 'free', 'free', 'free', 'free', 'free', 'free', 'free', 'free'),
(100, 'Education Foundation', 400, 'free', 'free', 'free', 'free', 'free', 'free', 'free', 'free'),
(101, 'Health and Physical Education', 100, 'free', 'free', 'free', 'free', 'free', 'free', 'free', 'free'),
(102, 'Health and Physical Education', 200, 'free', 'free', 'free', 'free', 'free', 'free', 'free', 'free'),
(103, 'Health and Physical Education', 300, 'free', 'free', 'free', 'free', 'free', 'free', 'free', 'free'),
(104, 'Health and Physical Education', 400, 'free', 'free', 'free', 'free', 'free', 'free', 'free', 'free'),
(105, 'Vocational Teachers Education', 100, 'free', 'free', 'free', 'free', 'free', 'free', 'free', 'free'),
(106, 'Vocational Teachers Education', 200, 'free', 'free', 'free', 'free', 'free', 'free', 'free', 'free'),
(107, 'Vocational Teachers Education', 300, 'free', 'free', 'free', 'free', 'free', 'free', 'free', 'free'),
(108, 'Vocational Teachers Education', 400, 'free', 'free', 'free', 'free', 'free', 'free', 'free', 'free'),
(109, 'Civil Engineering', 100, 'free', 'free', 'free', 'free', 'free', 'free', 'free', 'free'),
(110, 'Civil Engineering', 200, 'free', 'free', 'free', 'free', 'free', 'free', 'free', 'free'),
(111, 'Civil Engineering', 300, 'free', 'free', 'free', 'free', 'free', 'free', 'free', 'free'),
(112, 'Civil Engineering', 400, 'free', 'free', 'free', 'free', 'free', 'free', 'free', 'free'),
(113, 'Civil Engineering', 500, 'free', 'free', 'free', 'free', 'free', 'free', 'free', 'free'),
(114, 'Agric and Bio-resources Engineering', 100, 'free', 'free', 'free', 'free', 'free', 'free', 'free', 'free'),
(115, 'Agric and Bio-resources Engineering', 200, 'free', 'free', 'free', 'free', 'free', 'free', 'free', 'free'),
(116, 'Agric and Bio-resources Engineering', 300, 'free', 'free', 'free', 'free', 'free', 'free', 'free', 'free'),
(117, 'Agric and Bio-resources Engineering', 400, 'free', 'free', 'free', 'free', 'free', 'free', 'free', 'free'),
(118, 'Agric and Bio-resources Engineering', 500, 'free', 'free', 'free', 'free', 'free', 'free', 'free', 'free'),
(119, 'Electrical Engineering', 100, 'free', 'free', 'free', 'free', 'free', 'free', 'free', 'free'),
(120, 'Electrical Engineering', 200, 'free', 'free', 'free', 'free', 'free', 'free', 'free', 'free'),
(121, 'Electrical Engineering', 300, 'free', 'free', 'free', 'free', 'free', 'free', 'free', 'free'),
(122, 'Electrical Engineering', 400, 'free', 'free', 'free', 'free', 'free', 'free', 'free', 'free'),
(123, 'Electrical Engineering', 500, 'free', 'free', 'free', 'free', 'free', 'free', 'free', 'free'),
(124, 'Electronics Engineering', 100, 'free', 'free', 'free', 'free', 'free', 'free', 'free', 'free'),
(125, 'Electronics Engineering', 200, 'free', 'free', 'free', 'free', 'free', 'free', 'free', 'free'),
(126, 'Electronics Engineering', 300, 'free', 'free', 'free', 'free', 'free', 'free', 'free', 'free'),
(127, 'Electronics Engineering', 400, 'free', 'free', 'free', 'free', 'free', 'free', 'free', 'free'),
(128, 'Electronics Engineering', 500, 'free', 'free', 'free', 'free', 'free', 'free', 'free', 'free'),
(129, 'Mechanical Engineering', 100, 'free', 'free', 'free', 'free', 'free', 'free', 'free', 'free'),
(130, 'Mechanical Engineering', 200, 'free', 'free', 'free', 'free', 'free', 'free', 'free', 'free'),
(131, 'Mechanical Engineering', 300, 'free', 'free', 'free', 'free', 'free', 'free', 'free', 'free'),
(132, 'Mechanical Engineering', 400, 'free', 'free', 'free', 'free', 'free', 'free', 'free', 'free'),
(133, 'Mechanical Engineering', 500, 'free', 'free', 'free', 'free', 'free', 'free', 'free', 'free'),
(134, 'Metallurgical and Material Engineering', 100, 'free', 'free', 'free', 'free', 'free', 'free', 'free', 'free'),
(135, 'Metallurgical and Material Engineering', 200, 'free', 'free', 'free', 'free', 'free', 'free', 'free', 'free'),
(136, 'Metallurgical and Material Engineering', 300, 'free', 'free', 'free', 'free', 'free', 'free', 'free', 'free'),
(137, 'Metallurgical and Material Engineering', 400, 'free', 'free', 'free', 'free', 'free', 'free', 'free', 'free'),
(138, 'Metallurgical and Material Engineering', 500, 'free', 'free', 'free', 'free', 'free', 'free', 'free', 'free'),
(139, 'Geology', 100, 'free', 'free', 'free', 'free', 'free', 'free', 'free', 'free'),
(140, 'Geology', 200, 'free', 'free', 'free', 'free', 'free', 'free', 'free', 'free'),
(141, 'Geology', 300, 'free', 'free', 'free', 'free', 'free', 'free', 'free', 'free'),
(142, 'Geology', 400, 'free', 'free', 'free', 'free', 'free', 'free', 'free', 'free'),
(143, 'Geology', 500, 'free', 'free', 'free', 'free', 'free', 'free', 'free', 'free'),
(144, 'Physics and Astronomy', 100, 'free', 'free', 'free', 'free', 'free', 'free', 'MTH121', 'free'),
(145, 'Physics and Astronomy', 200, 'free', 'free', 'free', 'free', 'free', 'free', 'free', 'free'),
(146, 'Physics and Astronomy', 300, 'free', 'free', 'free', 'free', 'free', 'free', 'free', 'free'),
(147, 'Physics and Astronomy', 400, 'free', 'free', 'free', 'free', 'free', 'free', 'free', 'free'),
(148, 'Chemistry', 100, 'free', 'free', 'free', 'free', 'free', 'free', 'free', 'free'),
(149, 'Chemistry', 200, 'free', 'free', 'free', 'free', 'free', 'free', 'free', 'free'),
(150, 'Chemistry', 300, 'free', 'free', 'free', 'free', 'free', 'free', 'free', 'free'),
(151, 'Chemistry', 400, 'free', 'free', 'free', 'free', 'free', 'free', 'free', 'free'),
(152, 'Economics', 100, 'free', 'free', 'free', 'free', 'free', 'free', 'free', 'free'),
(153, 'Economics', 200, 'free', 'free', 'free', 'free', 'free', 'free', 'free', 'free'),
(154, 'Economics', 300, 'free', 'free', 'free', 'free', 'free', 'free', 'free', 'free'),
(155, 'Economics', 400, 'free', 'free', 'free', 'free', 'free', 'free', 'free', 'free'),
(156, 'Public Admin. and Local Gov.', 100, 'free', 'free', 'free', 'free', 'free', 'free', 'free', 'free'),
(157, 'Public Admin. and Local Gov.', 200, 'free', 'free', 'free', 'free', 'free', 'free', 'free', 'free'),
(158, 'Public Admin. and Local Gov.', 300, 'free', 'free', 'free', 'free', 'free', 'free', 'free', 'free'),
(159, 'Public Admin. and Local Gov.', 400, 'free', 'free', 'free', 'free', 'free', 'free', 'free', 'free'),
(160, 'Psychology', 100, 'free', 'free', 'free', 'free', 'free', 'free', 'free', 'free'),
(161, 'Psychology', 200, 'free', 'free', 'free', 'free', 'free', 'free', 'free', 'free'),
(162, 'Psychology', 300, 'free', 'free', 'free', 'free', 'free', 'free', 'free', 'free'),
(163, 'Psychology', 400, 'free', 'free', 'free', 'free', 'free', 'free', 'free', 'free'),
(164, 'Political Science', 100, 'free', 'free', 'free', 'free', 'free', 'free', 'free', 'free'),
(165, 'Political Science', 200, 'free', 'free', 'free', 'free', 'free', 'free', 'free', 'free'),
(166, 'Political Science', 300, 'free', 'free', 'free', 'free', 'free', 'free', 'free', 'free'),
(167, 'Political Science', 400, 'free', 'free', 'free', 'free', 'free', 'free', 'free', 'free'),
(168, 'Goegraphy', 100, 'free', 'free', 'free', 'free', 'free', 'free', 'free', 'free'),
(169, 'Goegraphy', 200, 'free', 'free', 'free', 'free', 'free', 'free', 'free', 'free'),
(170, 'Goegraphy', 300, 'free', 'free', 'free', 'free', 'free', 'free', 'free', 'free'),
(171, 'Goegraphy', 400, 'free', 'free', 'free', 'free', 'free', 'free', 'free', 'free'),
(172, 'Philosophy', 100, 'free', 'free', 'free', 'free', 'free', 'free', 'free', 'free'),
(173, 'Philosophy', 200, 'free', 'free', 'free', 'free', 'free', 'free', 'free', 'free'),
(174, 'Philosophy', 300, 'free', 'free', 'free', 'free', 'free', 'free', 'free', 'free'),
(175, 'Philosophy', 400, 'free', 'free', 'free', 'free', 'free', 'free', 'free', 'free'),
(176, 'Religion and Cultural Study', 100, 'free', 'free', 'free', 'free', 'free', 'free', 'free', 'free'),
(177, 'Religion and Cultural Study', 200, 'free', 'free', 'free', 'free', 'free', 'free', 'free', 'free'),
(178, 'Religion and Cultural Study', 300, 'free', 'free', 'free', 'free', 'free', 'free', 'free', 'free'),
(179, 'Religion and Cultural Study', 400, 'free', 'free', 'free', 'free', 'free', 'free', 'free', 'free'),
(180, 'Social Work', 100, 'free', 'free', 'free', 'free', 'free', 'free', 'free', 'free'),
(181, 'Social Work', 200, 'free', 'free', 'free', 'free', 'free', 'free', 'free', 'free'),
(182, 'Social Work', 300, 'free', 'free', 'free', 'free', 'free', 'free', 'free', 'free'),
(183, 'Social Work', 400, 'free', 'free', 'free', 'free', 'free', 'free', 'free', 'free'),
(184, 'Sociology and Anthropology', 100, 'free', 'free', 'free', 'free', 'free', 'free', 'free', 'free'),
(185, 'Sociology and Anthropology', 200, 'free', 'free', 'free', 'free', 'free', 'free', 'free', 'free'),
(186, 'Sociology and Anthropology', 300, 'free', 'free', 'free', 'free', 'free', 'free', 'free', 'free'),
(187, 'Sociology and Anthropology', 400, 'free', 'free', 'free', 'free', 'free', 'free', 'free', 'free');

-- --------------------------------------------------------

--
-- Table structure for table `tuesday`
--

CREATE TABLE IF NOT EXISTS `tuesday` (
  `id` int(3) NOT NULL AUTO_INCREMENT,
  `department` varchar(100) NOT NULL,
  `level` int(3) NOT NULL,
  `T_08_09` varchar(6) NOT NULL DEFAULT 'free',
  `T_09_10` varchar(6) NOT NULL DEFAULT 'free',
  `T_10_11` varchar(6) NOT NULL DEFAULT 'free',
  `T_11_12` varchar(6) NOT NULL DEFAULT 'free',
  `T_12_01` varchar(6) NOT NULL DEFAULT 'free',
  `T_01_02` varchar(6) NOT NULL DEFAULT 'free',
  `T_02_03` varchar(6) NOT NULL DEFAULT 'free',
  `T_03_04` varchar(6) NOT NULL DEFAULT 'free',
  PRIMARY KEY (`id`),
  KEY `department` (`department`)
) ENGINE=InnoDB  DEFAULT CHARSET=latin1 AUTO_INCREMENT=188 ;

--
-- Dumping data for table `tuesday`
--

INSERT INTO `tuesday` (`id`, `department`, `level`, `T_08_09`, `T_09_10`, `T_10_11`, `T_11_12`, `T_12_01`, `T_01_02`, `T_02_03`, `T_03_04`) VALUES
(1, 'Computer Science', 100, 'free', 'free', 'free', 'free', 'free', 'free', 'free', 'free'),
(2, 'Computer Science', 200, 'free', 'free', 'free', 'free', 'free', 'free', 'free', 'free'),
(3, 'Computer Science', 300, 'free', 'free', 'free', 'free', 'COS341', 'COS341', 'COS301', 'COS301'),
(4, 'Computer Science', 400, 'free', 'free', 'free', 'free', 'free', 'free', 'free', 'free'),
(5, 'Mathematics', 100, 'free', 'free', 'free', 'free', 'free', 'free', 'free', 'free'),
(6, 'Mathematics', 200, 'free', 'free', 'free', 'free', 'free', 'free', 'free', 'free'),
(7, 'Mathematics', 300, 'free', 'free', 'free', 'free', 'free', 'free', 'free', 'free'),
(8, 'Mathematics', 400, 'free', 'free', 'free', 'free', 'free', 'free', 'free', 'free'),
(9, 'Biochemistry', 100, 'free', 'free', 'free', 'free', 'free', 'free', 'free', 'free'),
(10, 'Biochemistry', 200, 'free', 'free', 'free', 'free', 'free', 'free', 'free', 'free'),
(11, 'Biochemistry', 300, 'free', 'free', 'free', 'free', 'free', 'free', 'free', 'free'),
(12, 'Biochemistry', 400, 'free', 'free', 'free', 'free', 'free', 'free', 'free', 'free'),
(13, 'Microbiology', 100, 'free', 'free', 'free', 'free', 'free', 'free', 'free', 'free'),
(14, 'Microbiology', 200, 'free', 'free', 'free', 'free', 'free', 'free', 'free', 'free'),
(15, 'Microbiology', 300, 'free', 'free', 'free', 'free', 'free', 'free', 'free', 'free'),
(16, 'Microbiology', 400, 'free', 'free', 'free', 'free', 'free', 'free', 'free', 'free'),
(17, 'Statistics', 100, 'free', 'free', 'free', 'free', 'free', 'free', 'free', 'free'),
(18, 'Statistics', 200, 'free', 'free', 'free', 'free', 'free', 'free', 'free', 'free'),
(19, 'Statistics', 300, 'free', 'free', 'free', 'free', 'free', 'free', 'free', 'free'),
(20, 'Statistics', 400, 'free', 'free', 'free', 'free', 'free', 'free', 'free', 'free'),
(21, 'Agric. Economics', 100, 'free', 'free', 'free', 'free', 'free', 'free', 'free', 'free'),
(22, 'Agric. Economics', 200, 'free', 'free', 'free', 'free', 'free', 'free', 'free', 'free'),
(23, 'Agric. Economics', 300, 'free', 'free', 'free', 'free', 'free', 'free', 'free', 'free'),
(24, 'Agric. Economics', 400, 'free', 'free', 'free', 'free', 'free', 'free', 'free', 'free'),
(25, 'Agric. Economics', 500, 'free', 'free', 'free', 'free', 'free', 'free', 'free', 'free'),
(26, 'Agric. Extension', 100, 'free', 'free', 'free', 'free', 'free', 'free', 'free', 'free'),
(27, 'Agric. Extension', 200, 'free', 'free', 'free', 'free', 'free', 'free', 'free', 'free'),
(28, 'Agric. Extension', 300, 'free', 'free', 'free', 'free', 'free', 'free', 'free', 'free'),
(29, 'Agric. Extension', 400, 'free', 'free', 'free', 'free', 'free', 'free', 'free', 'free'),
(30, 'Agric. Extension', 500, 'free', 'free', 'free', 'free', 'free', 'free', 'free', 'free'),
(31, 'Soil Science', 100, 'free', 'free', 'free', 'free', 'free', 'free', 'free', 'free'),
(32, 'Soil Science', 200, 'free', 'free', 'free', 'free', 'free', 'free', 'free', 'free'),
(33, 'Soil Science', 300, 'free', 'free', 'free', 'free', 'free', 'free', 'free', 'free'),
(34, 'Soil Science', 400, 'free', 'free', 'free', 'free', 'free', 'free', 'free', 'free'),
(35, 'Soil Science', 500, 'free', 'free', 'free', 'free', 'free', 'free', 'free', 'free'),
(36, 'Food Science and Tech.', 100, 'free', 'free', 'free', 'free', 'free', 'free', 'free', 'free'),
(37, 'Food Science and Tech.', 200, 'free', 'free', 'free', 'free', 'free', 'free', 'free', 'free'),
(38, 'Food Science and Tech.', 300, 'free', 'free', 'free', 'free', 'free', 'free', 'free', 'free'),
(39, 'Food Science and Tech.', 400, 'free', 'free', 'free', 'free', 'free', 'free', 'free', 'free'),
(40, 'Food Science and Tech.', 500, 'free', 'free', 'free', 'free', 'free', 'free', 'free', 'free'),
(41, 'Home Science Nutrition and Dietetics', 100, 'free', 'free', 'free', 'free', 'free', 'free', 'free', 'free'),
(42, 'Home Science Nutrition and Dietetics', 200, 'free', 'free', 'free', 'free', 'free', 'free', 'free', 'free'),
(43, 'Home Science Nutrition and Dietetics', 300, 'free', 'free', 'free', 'free', 'free', 'free', 'free', 'free'),
(44, 'Home Science Nutrition and Dietetics', 400, 'free', 'free', 'free', 'free', 'free', 'free', 'free', 'free'),
(45, 'Archaeology and Tourism', 100, 'free', 'free', 'free', 'free', 'free', 'free', 'free', 'free'),
(46, 'Archaeology and Tourism', 200, 'free', 'free', 'free', 'free', 'free', 'free', 'free', 'free'),
(47, 'Archaeology and Tourism', 300, 'free', 'free', 'free', 'free', 'free', 'free', 'free', 'free'),
(48, 'Archaeology and Tourism', 400, 'free', 'free', 'free', 'free', 'free', 'free', 'free', 'free'),
(49, 'English and Literary Studies', 100, 'free', 'free', 'free', 'free', 'free', 'free', 'free', 'free'),
(50, 'English and Literary Studies', 200, 'free', 'free', 'free', 'free', 'free', 'free', 'free', 'free'),
(51, 'English and Literary Studies', 300, 'free', 'free', 'free', 'free', 'free', 'free', 'free', 'free'),
(52, 'English and Literary Studies', 400, 'free', 'free', 'free', 'free', 'free', 'free', 'free', 'free'),
(53, 'Fine and Applied Arts', 100, 'free', 'free', 'free', 'free', 'free', 'free', 'free', 'free'),
(54, 'Fine and Applied Arts', 200, 'free', 'free', 'free', 'free', 'free', 'free', 'free', 'free'),
(55, 'Fine and Applied Arts', 300, 'free', 'free', 'free', 'free', 'free', 'free', 'free', 'free'),
(56, 'Fine and Applied Arts', 400, 'free', 'free', 'free', 'free', 'free', 'free', 'free', 'free'),
(57, 'Foreign Languages and Literature', 100, 'free', 'free', 'free', 'free', 'free', 'free', 'free', 'free'),
(58, 'Foreign Languages and Literature', 200, 'free', 'free', 'free', 'free', 'free', 'free', 'free', 'free'),
(59, 'Foreign Languages and Literature', 300, 'free', 'free', 'free', 'free', 'free', 'free', 'free', 'free'),
(60, 'Foreign Languages and Literature', 400, 'free', 'free', 'free', 'free', 'free', 'free', 'free', 'free'),
(61, 'History and International Studies', 100, 'free', 'free', 'free', 'free', 'free', 'free', 'free', 'free'),
(62, 'History and International Studies', 200, 'free', 'free', 'free', 'free', 'free', 'free', 'free', 'free'),
(63, 'History and International Studies', 300, 'free', 'free', 'free', 'free', 'free', 'free', 'free', 'free'),
(64, 'History and International Studies', 400, 'free', 'free', 'free', 'free', 'free', 'free', 'free', 'free'),
(65, 'Linguistics and Nigerian Languages', 100, 'free', 'free', 'free', 'free', 'free', 'free', 'free', 'free'),
(66, 'Linguistics and Nigerian Languages', 200, 'free', 'free', 'free', 'free', 'free', 'free', 'free', 'free'),
(67, 'Linguistics and Nigerian Languages', 300, 'free', 'free', 'free', 'free', 'free', 'free', 'free', 'free'),
(68, 'Linguistics and Nigerian Languages', 400, 'free', 'free', 'free', 'free', 'free', 'free', 'free', 'free'),
(69, 'Mass Communication', 100, 'free', 'free', 'free', 'free', 'free', 'free', 'free', 'free'),
(70, 'Mass Communication', 200, 'free', 'free', 'free', 'free', 'free', 'free', 'free', 'free'),
(71, 'Mass Communication', 300, 'free', 'free', 'free', 'free', 'free', 'free', 'free', 'free'),
(72, 'Mass Communication', 400, 'free', 'free', 'free', 'free', 'free', 'free', 'free', 'free'),
(73, 'Music', 100, 'free', 'free', 'free', 'free', 'free', 'free', 'free', 'free'),
(74, 'Music', 200, 'free', 'free', 'free', 'free', 'free', 'free', 'free', 'free'),
(75, 'Music', 300, 'free', 'free', 'free', 'free', 'free', 'free', 'free', 'free'),
(76, 'Music', 400, 'free', 'free', 'free', 'free', 'free', 'free', 'free', 'free'),
(77, 'Theater and Film Studies', 100, 'free', 'free', 'free', 'free', 'free', 'free', 'free', 'free'),
(78, 'Theater and Film Studies', 200, 'free', 'free', 'free', 'free', 'free', 'free', 'free', 'free'),
(79, 'Theater and Film Studies', 300, 'free', 'free', 'free', 'free', 'free', 'free', 'free', 'free'),
(80, 'Theater and Film Studies', 400, 'free', 'free', 'free', 'free', 'free', 'free', 'free', 'free'),
(81, 'Botany', 100, 'free', 'free', 'free', 'free', 'free', 'free', 'free', 'free'),
(82, 'Botany', 200, 'free', 'free', 'free', 'free', 'free', 'free', 'free', 'free'),
(83, 'Botany', 300, 'free', 'free', 'free', 'free', 'free', 'free', 'free', 'free'),
(84, 'Botany', 400, 'free', 'free', 'free', 'free', 'free', 'free', 'free', 'free'),
(85, 'Zoology', 100, 'free', 'free', 'free', 'free', 'free', 'free', 'free', 'free'),
(86, 'Zoology', 200, 'free', 'free', 'free', 'free', 'free', 'free', 'free', 'free'),
(87, 'Zoology', 300, 'free', 'free', 'free', 'free', 'free', 'free', 'free', 'free'),
(88, 'Zoology', 400, 'free', 'free', 'free', 'free', 'free', 'free', 'free', 'free'),
(89, 'Adult Education', 100, 'free', 'free', 'free', 'free', 'free', 'free', 'free', 'free'),
(90, 'Adult Education', 200, 'free', 'free', 'free', 'free', 'free', 'free', 'free', 'free'),
(91, 'Adult Education', 300, 'free', 'free', 'free', 'free', 'free', 'free', 'free', 'free'),
(92, 'Adult Education', 400, 'free', 'free', 'free', 'free', 'free', 'free', 'free', 'free'),
(93, 'Art Education', 100, 'free', 'free', 'free', 'free', 'free', 'free', 'free', 'free'),
(94, 'Art Education', 200, 'free', 'free', 'free', 'free', 'free', 'free', 'free', 'free'),
(95, 'Art Education', 300, 'free', 'free', 'free', 'free', 'free', 'free', 'free', 'free'),
(96, 'Art Education', 400, 'free', 'free', 'free', 'free', 'free', 'free', 'free', 'free'),
(97, 'Education Foundation', 100, 'free', 'free', 'free', 'free', 'free', 'free', 'free', 'free'),
(98, 'Education Foundation', 200, 'free', 'free', 'free', 'free', 'free', 'free', 'free', 'free'),
(99, 'Education Foundation', 300, 'free', 'free', 'free', 'free', 'free', 'free', 'free', 'free'),
(100, 'Education Foundation', 400, 'free', 'free', 'free', 'free', 'free', 'free', 'free', 'free'),
(101, 'Health and Physical Education', 100, 'free', 'free', 'free', 'free', 'free', 'free', 'free', 'free'),
(102, 'Health and Physical Education', 200, 'free', 'free', 'free', 'free', 'free', 'free', 'free', 'free'),
(103, 'Health and Physical Education', 300, 'free', 'free', 'free', 'free', 'free', 'free', 'free', 'free'),
(104, 'Health and Physical Education', 400, 'free', 'free', 'free', 'free', 'free', 'free', 'free', 'free'),
(105, 'Vocational Teachers Education', 100, 'free', 'free', 'free', 'free', 'free', 'free', 'free', 'free'),
(106, 'Vocational Teachers Education', 200, 'free', 'free', 'free', 'free', 'free', 'free', 'free', 'free'),
(107, 'Vocational Teachers Education', 300, 'free', 'free', 'free', 'free', 'free', 'free', 'free', 'free'),
(108, 'Vocational Teachers Education', 400, 'free', 'free', 'free', 'free', 'free', 'free', 'free', 'free'),
(109, 'Civil Engineering', 100, 'free', 'free', 'free', 'free', 'free', 'free', 'free', 'free'),
(110, 'Civil Engineering', 200, 'free', 'free', 'free', 'free', 'free', 'free', 'free', 'free'),
(111, 'Civil Engineering', 300, 'free', 'free', 'free', 'free', 'free', 'free', 'free', 'free'),
(112, 'Civil Engineering', 400, 'free', 'free', 'free', 'free', 'free', 'free', 'free', 'free'),
(113, 'Civil Engineering', 500, 'free', 'free', 'free', 'free', 'free', 'free', 'free', 'free'),
(114, 'Agric and Bio-resources Engineering', 100, 'free', 'free', 'free', 'free', 'free', 'free', 'free', 'free'),
(115, 'Agric and Bio-resources Engineering', 200, 'free', 'free', 'free', 'free', 'free', 'free', 'free', 'free'),
(116, 'Agric and Bio-resources Engineering', 300, 'free', 'free', 'free', 'free', 'free', 'free', 'free', 'free'),
(117, 'Agric and Bio-resources Engineering', 400, 'free', 'free', 'free', 'free', 'free', 'free', 'free', 'free'),
(118, 'Agric and Bio-resources Engineering', 500, 'free', 'free', 'free', 'free', 'free', 'free', 'free', 'free'),
(119, 'Electrical Engineering', 100, 'free', 'free', 'free', 'free', 'free', 'free', 'free', 'free'),
(120, 'Electrical Engineering', 200, 'free', 'free', 'free', 'free', 'free', 'free', 'free', 'free'),
(121, 'Electrical Engineering', 300, 'free', 'free', 'free', 'free', 'free', 'free', 'free', 'free'),
(122, 'Electrical Engineering', 400, 'free', 'free', 'free', 'free', 'free', 'free', 'free', 'free'),
(123, 'Electrical Engineering', 500, 'free', 'free', 'free', 'free', 'free', 'free', 'free', 'free'),
(124, 'Electronics Engineering', 100, 'free', 'free', 'free', 'free', 'free', 'free', 'free', 'free'),
(125, 'Electronics Engineering', 200, 'free', 'free', 'free', 'free', 'free', 'free', 'free', 'free'),
(126, 'Electronics Engineering', 300, 'free', 'free', 'free', 'free', 'free', 'free', 'free', 'free'),
(127, 'Electronics Engineering', 400, 'free', 'free', 'free', 'free', 'free', 'free', 'free', 'free'),
(128, 'Electronics Engineering', 500, 'free', 'free', 'free', 'free', 'free', 'free', 'free', 'free'),
(129, 'Mechanical Engineering', 100, 'free', 'free', 'free', 'free', 'free', 'free', 'free', 'free'),
(130, 'Mechanical Engineering', 200, 'free', 'free', 'free', 'free', 'free', 'free', 'free', 'free'),
(131, 'Mechanical Engineering', 300, 'free', 'free', 'free', 'free', 'free', 'free', 'free', 'free'),
(132, 'Mechanical Engineering', 400, 'free', 'free', 'free', 'free', 'free', 'free', 'free', 'free'),
(133, 'Mechanical Engineering', 500, 'free', 'free', 'free', 'free', 'free', 'free', 'free', 'free'),
(134, 'Metallurgical and Material Engineering', 100, 'free', 'free', 'free', 'free', 'free', 'free', 'free', 'free'),
(135, 'Metallurgical and Material Engineering', 200, 'free', 'free', 'free', 'free', 'free', 'free', 'free', 'free'),
(136, 'Metallurgical and Material Engineering', 300, 'free', 'free', 'free', 'free', 'free', 'free', 'free', 'free'),
(137, 'Metallurgical and Material Engineering', 400, 'free', 'free', 'free', 'free', 'free', 'free', 'free', 'free'),
(138, 'Metallurgical and Material Engineering', 500, 'free', 'free', 'free', 'free', 'free', 'free', 'free', 'free'),
(139, 'Geology', 100, 'free', 'free', 'free', 'free', 'free', 'free', 'free', 'free'),
(140, 'Geology', 200, 'free', 'free', 'free', 'free', 'free', 'free', 'free', 'free'),
(141, 'Geology', 300, 'free', 'free', 'free', 'free', 'free', 'free', 'free', 'free'),
(142, 'Geology', 400, 'free', 'free', 'free', 'free', 'free', 'free', 'free', 'free'),
(143, 'Geology', 500, 'free', 'free', 'free', 'free', 'free', 'free', 'free', 'free'),
(144, 'Physics and Astronomy', 100, 'free', 'free', 'free', 'free', 'free', 'free', 'free', 'free'),
(145, 'Physics and Astronomy', 200, 'free', 'free', 'free', 'free', 'free', 'free', 'free', 'free'),
(146, 'Physics and Astronomy', 300, 'free', 'free', 'free', 'free', 'free', 'free', 'free', 'free'),
(147, 'Physics and Astronomy', 400, 'free', 'free', 'free', 'free', 'free', 'free', 'free', 'free'),
(148, 'Chemistry', 100, 'free', 'free', 'free', 'free', 'free', 'free', 'free', 'free'),
(149, 'Chemistry', 200, 'free', 'free', 'free', 'free', 'free', 'free', 'free', 'free'),
(150, 'Chemistry', 300, 'free', 'free', 'free', 'free', 'free', 'free', 'free', 'free'),
(151, 'Chemistry', 400, 'free', 'free', 'free', 'free', 'free', 'free', 'free', 'free'),
(152, 'Economics', 100, 'free', 'free', 'free', 'free', 'free', 'free', 'free', 'free'),
(153, 'Economics', 200, 'free', 'free', 'free', 'free', 'free', 'free', 'free', 'free'),
(154, 'Economics', 300, 'free', 'free', 'free', 'free', 'free', 'free', 'free', 'free'),
(155, 'Economics', 400, 'free', 'free', 'free', 'free', 'free', 'free', 'free', 'free'),
(156, 'Public Admin. and Local Gov.', 100, 'free', 'free', 'free', 'free', 'free', 'free', 'free', 'free'),
(157, 'Public Admin. and Local Gov.', 200, 'free', 'free', 'free', 'free', 'free', 'free', 'free', 'free'),
(158, 'Public Admin. and Local Gov.', 300, 'free', 'free', 'free', 'free', 'free', 'free', 'free', 'free'),
(159, 'Public Admin. and Local Gov.', 400, 'free', 'free', 'free', 'free', 'free', 'free', 'free', 'free'),
(160, 'Psychology', 100, 'free', 'free', 'free', 'free', 'free', 'free', 'free', 'free'),
(161, 'Psychology', 200, 'free', 'free', 'free', 'free', 'free', 'free', 'free', 'free'),
(162, 'Psychology', 300, 'free', 'free', 'free', 'free', 'free', 'free', 'free', 'free'),
(163, 'Psychology', 400, 'free', 'free', 'free', 'free', 'free', 'free', 'free', 'free'),
(164, 'Political Science', 100, 'free', 'free', 'free', 'free', 'free', 'free', 'free', 'free'),
(165, 'Political Science', 200, 'free', 'free', 'free', 'free', 'free', 'free', 'free', 'free'),
(166, 'Political Science', 300, 'free', 'free', 'free', 'free', 'free', 'free', 'free', 'free'),
(167, 'Political Science', 400, 'free', 'free', 'free', 'free', 'free', 'free', 'free', 'free'),
(168, 'Goegraphy', 100, 'free', 'free', 'free', 'free', 'free', 'free', 'free', 'free'),
(169, 'Goegraphy', 200, 'free', 'free', 'free', 'free', 'free', 'free', 'free', 'free'),
(170, 'Goegraphy', 300, 'free', 'free', 'free', 'free', 'free', 'free', 'free', 'free'),
(171, 'Goegraphy', 400, 'free', 'free', 'free', 'free', 'free', 'free', 'free', 'free'),
(172, 'Philosophy', 100, 'free', 'free', 'free', 'free', 'free', 'free', 'free', 'free'),
(173, 'Philosophy', 200, 'free', 'free', 'free', 'free', 'free', 'free', 'free', 'free'),
(174, 'Philosophy', 300, 'free', 'free', 'free', 'free', 'free', 'free', 'free', 'free'),
(175, 'Philosophy', 400, 'free', 'free', 'free', 'free', 'free', 'free', 'free', 'free'),
(176, 'Religion and Cultural Study', 100, 'free', 'free', 'free', 'free', 'free', 'free', 'free', 'free'),
(177, 'Religion and Cultural Study', 200, 'free', 'free', 'free', 'free', 'free', 'free', 'free', 'free'),
(178, 'Religion and Cultural Study', 300, 'free', 'free', 'free', 'free', 'free', 'free', 'free', 'free'),
(179, 'Religion and Cultural Study', 400, 'free', 'free', 'free', 'free', 'free', 'free', 'free', 'free'),
(180, 'Social Work', 100, 'free', 'free', 'free', 'free', 'free', 'free', 'free', 'free'),
(181, 'Social Work', 200, 'free', 'free', 'free', 'free', 'free', 'free', 'free', 'free'),
(182, 'Social Work', 300, 'free', 'free', 'free', 'free', 'free', 'free', 'free', 'free'),
(183, 'Social Work', 400, 'free', 'free', 'free', 'free', 'free', 'free', 'free', 'free'),
(184, 'Sociology and Anthropology', 100, 'free', 'free', 'free', 'free', 'free', 'free', 'free', 'free'),
(185, 'Sociology and Anthropology', 200, 'free', 'free', 'free', 'free', 'free', 'free', 'free', 'free'),
(186, 'Sociology and Anthropology', 300, 'free', 'free', 'free', 'free', 'free', 'free', 'free', 'free'),
(187, 'Sociology and Anthropology', 400, 'free', 'free', 'free', 'free', 'free', 'free', 'free', 'free');

-- --------------------------------------------------------

--
-- Table structure for table `wednessday`
--

CREATE TABLE IF NOT EXISTS `wednessday` (
  `id` int(3) NOT NULL AUTO_INCREMENT,
  `department` varchar(100) NOT NULL,
  `level` int(3) NOT NULL,
  `T_08_09` varchar(6) NOT NULL DEFAULT 'free',
  `T_09_10` varchar(6) NOT NULL DEFAULT 'free',
  `T_10_11` varchar(6) NOT NULL DEFAULT 'free',
  `T_11_12` varchar(6) NOT NULL DEFAULT 'free',
  `T_12_01` varchar(6) NOT NULL DEFAULT 'free',
  `T_01_02` varchar(6) NOT NULL DEFAULT 'free',
  `T_02_03` varchar(6) NOT NULL DEFAULT 'free',
  `T_03_04` varchar(6) NOT NULL DEFAULT 'free',
  PRIMARY KEY (`id`),
  KEY `department` (`department`)
) ENGINE=InnoDB  DEFAULT CHARSET=latin1 AUTO_INCREMENT=188 ;

--
-- Dumping data for table `wednessday`
--

INSERT INTO `wednessday` (`id`, `department`, `level`, `T_08_09`, `T_09_10`, `T_10_11`, `T_11_12`, `T_12_01`, `T_01_02`, `T_02_03`, `T_03_04`) VALUES
(1, 'Computer Science', 100, 'free', 'free', 'free', 'free', 'free', 'free', 'free', 'free'),
(2, 'Computer Science', 200, 'COS201', 'COS201', 'free', 'free', 'free', 'free', 'free', 'free'),
(3, 'Computer Science', 300, 'free', 'free', 'COS302', 'COS302', 'free', 'free', 'COS312', 'COS312'),
(4, 'Computer Science', 400, 'free', 'free', 'free', 'free', 'COS431', 'COS431', 'COS451', 'COS451'),
(5, 'Mathematics', 100, 'free', 'free', 'free', 'free', 'free', 'free', 'free', 'free'),
(6, 'Mathematics', 200, 'free', 'free', 'free', 'free', 'free', 'free', 'free', 'free'),
(7, 'Mathematics', 300, 'free', 'free', 'free', 'free', 'free', 'free', 'free', 'free'),
(8, 'Mathematics', 400, 'free', 'free', 'free', 'free', 'free', 'free', 'free', 'free'),
(9, 'Biochemistry', 100, 'free', 'free', 'free', 'free', 'free', 'free', 'free', 'free'),
(10, 'Biochemistry', 200, 'free', 'free', 'free', 'free', 'free', 'free', 'free', 'free'),
(11, 'Biochemistry', 300, 'free', 'free', 'free', 'free', 'free', 'free', 'free', 'free'),
(12, 'Biochemistry', 400, 'free', 'free', 'free', 'free', 'free', 'free', 'free', 'free'),
(13, 'Microbiology', 100, 'free', 'free', 'free', 'free', 'free', 'free', 'free', 'free'),
(14, 'Microbiology', 200, 'free', 'free', 'free', 'free', 'free', 'free', 'free', 'free'),
(15, 'Microbiology', 300, 'free', 'free', 'free', 'free', 'free', 'free', 'free', 'free'),
(16, 'Microbiology', 400, 'free', 'free', 'free', 'free', 'free', 'free', 'free', 'free'),
(17, 'Statistics', 100, 'free', 'free', 'free', 'free', 'free', 'free', 'free', 'free'),
(18, 'Statistics', 200, 'free', 'free', 'free', 'free', 'free', 'free', 'free', 'free'),
(19, 'Statistics', 300, 'free', 'free', 'free', 'free', 'free', 'free', 'free', 'free'),
(20, 'Statistics', 400, 'free', 'free', 'free', 'free', 'free', 'free', 'free', 'free'),
(21, 'Agric. Economics', 100, 'free', 'free', 'free', 'free', 'free', 'free', 'free', 'free'),
(22, 'Agric. Economics', 200, 'free', 'free', 'free', 'free', 'free', 'free', 'free', 'free'),
(23, 'Agric. Economics', 300, 'free', 'free', 'free', 'free', 'free', 'free', 'free', 'free'),
(24, 'Agric. Economics', 400, 'free', 'free', 'free', 'free', 'free', 'free', 'free', 'free'),
(25, 'Agric. Economics', 500, 'free', 'free', 'free', 'free', 'free', 'free', 'free', 'free'),
(26, 'Agric. Extension', 100, 'free', 'free', 'free', 'free', 'free', 'free', 'free', 'free'),
(27, 'Agric. Extension', 200, 'free', 'free', 'free', 'free', 'free', 'free', 'free', 'free'),
(28, 'Agric. Extension', 300, 'free', 'free', 'free', 'free', 'free', 'free', 'free', 'free'),
(29, 'Agric. Extension', 400, 'free', 'free', 'free', 'free', 'free', 'free', 'free', 'free'),
(30, 'Agric. Extension', 500, 'free', 'free', 'free', 'free', 'free', 'free', 'free', 'free'),
(31, 'Soil Science', 100, 'free', 'free', 'free', 'free', 'free', 'free', 'free', 'free'),
(32, 'Soil Science', 200, 'free', 'free', 'free', 'free', 'free', 'free', 'free', 'free'),
(33, 'Soil Science', 300, 'free', 'free', 'free', 'free', 'free', 'free', 'free', 'free'),
(34, 'Soil Science', 400, 'free', 'free', 'free', 'free', 'free', 'free', 'free', 'free'),
(35, 'Soil Science', 500, 'free', 'free', 'free', 'free', 'free', 'free', 'free', 'free'),
(36, 'Food Science and Tech.', 100, 'free', 'free', 'free', 'free', 'free', 'free', 'free', 'free'),
(37, 'Food Science and Tech.', 200, 'free', 'free', 'free', 'free', 'free', 'free', 'free', 'free'),
(38, 'Food Science and Tech.', 300, 'free', 'free', 'free', 'free', 'free', 'free', 'free', 'free'),
(39, 'Food Science and Tech.', 400, 'free', 'free', 'free', 'free', 'free', 'free', 'free', 'free'),
(40, 'Food Science and Tech.', 500, 'free', 'free', 'free', 'free', 'free', 'free', 'free', 'free'),
(41, 'Home Science Nutrition and Dietetics', 100, 'free', 'free', 'free', 'free', 'free', 'free', 'free', 'free'),
(42, 'Home Science Nutrition and Dietetics', 200, 'free', 'free', 'free', 'free', 'free', 'free', 'free', 'free'),
(43, 'Home Science Nutrition and Dietetics', 300, 'free', 'free', 'free', 'free', 'free', 'free', 'free', 'free'),
(44, 'Home Science Nutrition and Dietetics', 400, 'free', 'free', 'free', 'free', 'free', 'free', 'free', 'free'),
(45, 'Archaeology and Tourism', 100, 'free', 'free', 'free', 'free', 'free', 'free', 'free', 'free'),
(46, 'Archaeology and Tourism', 200, 'free', 'free', 'free', 'free', 'free', 'free', 'free', 'free'),
(47, 'Archaeology and Tourism', 300, 'free', 'free', 'free', 'free', 'free', 'free', 'free', 'free'),
(48, 'Archaeology and Tourism', 400, 'free', 'free', 'free', 'free', 'free', 'free', 'free', 'free'),
(49, 'English and Literary Studies', 100, 'free', 'free', 'free', 'free', 'free', 'free', 'free', 'free'),
(50, 'English and Literary Studies', 200, 'free', 'free', 'free', 'free', 'free', 'free', 'free', 'free'),
(51, 'English and Literary Studies', 300, 'free', 'free', 'free', 'free', 'free', 'free', 'free', 'free'),
(52, 'English and Literary Studies', 400, 'free', 'free', 'free', 'free', 'free', 'free', 'free', 'free'),
(53, 'Fine and Applied Arts', 100, 'free', 'free', 'free', 'free', 'free', 'free', 'free', 'free'),
(54, 'Fine and Applied Arts', 200, 'free', 'free', 'free', 'free', 'free', 'free', 'free', 'free'),
(55, 'Fine and Applied Arts', 300, 'free', 'free', 'free', 'free', 'free', 'free', 'free', 'free'),
(56, 'Fine and Applied Arts', 400, 'free', 'free', 'free', 'free', 'free', 'free', 'free', 'free'),
(57, 'Foreign Languages and Literature', 100, 'free', 'free', 'free', 'free', 'free', 'free', 'free', 'free'),
(58, 'Foreign Languages and Literature', 200, 'free', 'free', 'free', 'free', 'free', 'free', 'free', 'free'),
(59, 'Foreign Languages and Literature', 300, 'free', 'free', 'free', 'free', 'free', 'free', 'free', 'free'),
(60, 'Foreign Languages and Literature', 400, 'free', 'free', 'free', 'free', 'free', 'free', 'free', 'free'),
(61, 'History and International Studies', 100, 'free', 'free', 'free', 'free', 'free', 'free', 'free', 'free'),
(62, 'History and International Studies', 200, 'free', 'free', 'free', 'free', 'free', 'free', 'free', 'free'),
(63, 'History and International Studies', 300, 'free', 'free', 'free', 'free', 'free', 'free', 'free', 'free'),
(64, 'History and International Studies', 400, 'free', 'free', 'free', 'free', 'free', 'free', 'free', 'free'),
(65, 'Linguistics and Nigerian Languages', 100, 'free', 'free', 'free', 'free', 'free', 'free', 'free', 'free'),
(66, 'Linguistics and Nigerian Languages', 200, 'free', 'free', 'free', 'free', 'free', 'free', 'free', 'free'),
(67, 'Linguistics and Nigerian Languages', 300, 'free', 'free', 'free', 'free', 'free', 'free', 'free', 'free'),
(68, 'Linguistics and Nigerian Languages', 400, 'free', 'free', 'free', 'free', 'free', 'free', 'free', 'free'),
(69, 'Mass Communication', 100, 'free', 'free', 'free', 'free', 'free', 'free', 'free', 'free'),
(70, 'Mass Communication', 200, 'free', 'free', 'free', 'free', 'free', 'free', 'free', 'free'),
(71, 'Mass Communication', 300, 'free', 'free', 'free', 'free', 'free', 'free', 'free', 'free'),
(72, 'Mass Communication', 400, 'free', 'free', 'free', 'free', 'free', 'free', 'free', 'free'),
(73, 'Music', 100, 'free', 'free', 'free', 'free', 'free', 'free', 'free', 'free'),
(74, 'Music', 200, 'free', 'free', 'free', 'free', 'free', 'free', 'free', 'free'),
(75, 'Music', 300, 'free', 'free', 'free', 'free', 'free', 'free', 'free', 'free'),
(76, 'Music', 400, 'free', 'free', 'free', 'free', 'free', 'free', 'free', 'free'),
(77, 'Theater and Film Studies', 100, 'free', 'free', 'free', 'free', 'free', 'free', 'free', 'free'),
(78, 'Theater and Film Studies', 200, 'free', 'free', 'free', 'free', 'free', 'free', 'free', 'free'),
(79, 'Theater and Film Studies', 300, 'free', 'free', 'free', 'free', 'free', 'free', 'free', 'free'),
(80, 'Theater and Film Studies', 400, 'free', 'free', 'free', 'free', 'free', 'free', 'free', 'free'),
(81, 'Botany', 100, 'free', 'free', 'free', 'free', 'free', 'free', 'free', 'free'),
(82, 'Botany', 200, 'free', 'free', 'free', 'free', 'free', 'free', 'free', 'free'),
(83, 'Botany', 300, 'free', 'free', 'free', 'free', 'free', 'free', 'free', 'free'),
(84, 'Botany', 400, 'free', 'free', 'free', 'free', 'free', 'free', 'free', 'free'),
(85, 'Zoology', 100, 'free', 'free', 'free', 'free', 'free', 'free', 'free', 'free'),
(86, 'Zoology', 200, 'free', 'free', 'free', 'free', 'free', 'free', 'free', 'free'),
(87, 'Zoology', 300, 'free', 'free', 'free', 'free', 'free', 'free', 'free', 'free'),
(88, 'Zoology', 400, 'free', 'free', 'free', 'free', 'free', 'free', 'free', 'free'),
(89, 'Adult Education', 100, 'free', 'free', 'free', 'free', 'free', 'free', 'free', 'free'),
(90, 'Adult Education', 200, 'free', 'free', 'free', 'free', 'free', 'free', 'free', 'free'),
(91, 'Adult Education', 300, 'free', 'free', 'free', 'free', 'free', 'free', 'free', 'free'),
(92, 'Adult Education', 400, 'free', 'free', 'free', 'free', 'free', 'free', 'free', 'free'),
(93, 'Art Education', 100, 'free', 'free', 'free', 'free', 'free', 'free', 'free', 'free'),
(94, 'Art Education', 200, 'free', 'free', 'free', 'free', 'free', 'free', 'free', 'free'),
(95, 'Art Education', 300, 'free', 'free', 'free', 'free', 'free', 'free', 'free', 'free'),
(96, 'Art Education', 400, 'free', 'free', 'free', 'free', 'free', 'free', 'free', 'free'),
(97, 'Education Foundation', 100, 'free', 'free', 'free', 'free', 'free', 'free', 'free', 'free'),
(98, 'Education Foundation', 200, 'free', 'free', 'free', 'free', 'free', 'free', 'free', 'free'),
(99, 'Education Foundation', 300, 'free', 'free', 'free', 'free', 'free', 'free', 'free', 'free'),
(100, 'Education Foundation', 400, 'free', 'free', 'free', 'free', 'free', 'free', 'free', 'free'),
(101, 'Health and Physical Education', 100, 'free', 'free', 'free', 'free', 'free', 'free', 'free', 'free'),
(102, 'Health and Physical Education', 200, 'free', 'free', 'free', 'free', 'free', 'free', 'free', 'free'),
(103, 'Health and Physical Education', 300, 'free', 'free', 'free', 'free', 'free', 'free', 'free', 'free'),
(104, 'Health and Physical Education', 400, 'free', 'free', 'free', 'free', 'free', 'free', 'free', 'free'),
(105, 'Vocational Teachers Education', 100, 'free', 'free', 'free', 'free', 'free', 'free', 'free', 'free'),
(106, 'Vocational Teachers Education', 200, 'free', 'free', 'free', 'free', 'free', 'free', 'free', 'free'),
(107, 'Vocational Teachers Education', 300, 'free', 'free', 'free', 'free', 'free', 'free', 'free', 'free'),
(108, 'Vocational Teachers Education', 400, 'free', 'free', 'free', 'free', 'free', 'free', 'free', 'free'),
(109, 'Civil Engineering', 100, 'free', 'free', 'free', 'free', 'free', 'free', 'free', 'free'),
(110, 'Civil Engineering', 200, 'free', 'free', 'free', 'free', 'free', 'free', 'free', 'free'),
(111, 'Civil Engineering', 300, 'free', 'free', 'free', 'free', 'free', 'free', 'free', 'free'),
(112, 'Civil Engineering', 400, 'free', 'free', 'free', 'free', 'free', 'free', 'free', 'free'),
(113, 'Civil Engineering', 500, 'free', 'free', 'free', 'free', 'free', 'free', 'free', 'free'),
(114, 'Agric and Bio-resources Engineering', 100, 'free', 'free', 'free', 'free', 'free', 'free', 'free', 'free'),
(115, 'Agric and Bio-resources Engineering', 200, 'free', 'free', 'free', 'free', 'free', 'free', 'free', 'free'),
(116, 'Agric and Bio-resources Engineering', 300, 'free', 'free', 'free', 'free', 'free', 'free', 'free', 'free'),
(117, 'Agric and Bio-resources Engineering', 400, 'free', 'free', 'free', 'free', 'free', 'free', 'free', 'free'),
(118, 'Agric and Bio-resources Engineering', 500, 'free', 'free', 'free', 'free', 'free', 'free', 'free', 'free'),
(119, 'Electrical Engineering', 100, 'free', 'free', 'free', 'free', 'free', 'free', 'free', 'free'),
(120, 'Electrical Engineering', 200, 'free', 'free', 'free', 'free', 'free', 'free', 'free', 'free'),
(121, 'Electrical Engineering', 300, 'free', 'free', 'free', 'free', 'free', 'free', 'free', 'free'),
(122, 'Electrical Engineering', 400, 'free', 'free', 'free', 'free', 'free', 'free', 'free', 'free'),
(123, 'Electrical Engineering', 500, 'free', 'free', 'free', 'free', 'free', 'free', 'free', 'free'),
(124, 'Electronics Engineering', 100, 'free', 'free', 'free', 'free', 'free', 'free', 'free', 'free'),
(125, 'Electronics Engineering', 200, 'free', 'free', 'free', 'free', 'free', 'free', 'free', 'free'),
(126, 'Electronics Engineering', 300, 'free', 'free', 'free', 'free', 'free', 'free', 'free', 'free'),
(127, 'Electronics Engineering', 400, 'free', 'free', 'free', 'free', 'free', 'free', 'free', 'free'),
(128, 'Electronics Engineering', 500, 'free', 'free', 'free', 'free', 'free', 'free', 'free', 'free'),
(129, 'Mechanical Engineering', 100, 'free', 'free', 'free', 'free', 'free', 'free', 'free', 'free'),
(130, 'Mechanical Engineering', 200, 'free', 'free', 'free', 'free', 'free', 'free', 'free', 'free'),
(131, 'Mechanical Engineering', 300, 'free', 'free', 'free', 'free', 'free', 'free', 'free', 'free'),
(132, 'Mechanical Engineering', 400, 'free', 'free', 'free', 'free', 'free', 'free', 'free', 'free'),
(133, 'Mechanical Engineering', 500, 'free', 'free', 'free', 'free', 'free', 'free', 'free', 'free'),
(134, 'Metallurgical and Material Engineering', 100, 'free', 'free', 'free', 'free', 'free', 'free', 'free', 'free'),
(135, 'Metallurgical and Material Engineering', 200, 'free', 'free', 'free', 'free', 'free', 'free', 'free', 'free'),
(136, 'Metallurgical and Material Engineering', 300, 'free', 'free', 'free', 'free', 'free', 'free', 'free', 'free'),
(137, 'Metallurgical and Material Engineering', 400, 'free', 'free', 'free', 'free', 'free', 'free', 'free', 'free'),
(138, 'Metallurgical and Material Engineering', 500, 'free', 'free', 'free', 'free', 'free', 'free', 'free', 'free'),
(139, 'Geology', 100, 'free', 'free', 'free', 'free', 'free', 'free', 'free', 'free'),
(140, 'Geology', 200, 'free', 'free', 'free', 'free', 'free', 'free', 'free', 'free'),
(141, 'Geology', 300, 'free', 'free', 'free', 'free', 'free', 'free', 'free', 'free'),
(142, 'Geology', 400, 'free', 'free', 'free', 'free', 'free', 'free', 'free', 'free'),
(143, 'Geology', 500, 'free', 'free', 'free', 'free', 'free', 'free', 'free', 'free'),
(144, 'Physics and Astronomy', 100, 'free', 'free', 'free', 'free', 'free', 'free', 'free', 'free'),
(145, 'Physics and Astronomy', 200, 'free', 'free', 'free', 'free', 'free', 'free', 'free', 'free'),
(146, 'Physics and Astronomy', 300, 'free', 'free', 'free', 'free', 'free', 'free', 'free', 'free'),
(147, 'Physics and Astronomy', 400, 'free', 'free', 'free', 'free', 'free', 'free', 'free', 'free'),
(148, 'Chemistry', 100, 'free', 'free', 'free', 'free', 'free', 'free', 'free', 'free'),
(149, 'Chemistry', 200, 'free', 'free', 'free', 'free', 'free', 'free', 'free', 'free'),
(150, 'Chemistry', 300, 'free', 'free', 'free', 'free', 'free', 'free', 'free', 'free'),
(151, 'Chemistry', 400, 'free', 'free', 'free', 'free', 'free', 'free', 'free', 'free'),
(152, 'Economics', 100, 'free', 'free', 'free', 'free', 'free', 'free', 'free', 'free'),
(153, 'Economics', 200, 'free', 'free', 'free', 'free', 'free', 'free', 'free', 'free'),
(154, 'Economics', 300, 'free', 'free', 'free', 'free', 'free', 'free', 'free', 'free'),
(155, 'Economics', 400, 'free', 'free', 'free', 'free', 'free', 'free', 'free', 'free'),
(156, 'Public Admin. and Local Gov.', 100, 'free', 'free', 'free', 'free', 'free', 'free', 'free', 'free'),
(157, 'Public Admin. and Local Gov.', 200, 'free', 'free', 'free', 'free', 'free', 'free', 'free', 'free'),
(158, 'Public Admin. and Local Gov.', 300, 'free', 'free', 'free', 'free', 'free', 'free', 'free', 'free'),
(159, 'Public Admin. and Local Gov.', 400, 'free', 'free', 'free', 'free', 'free', 'free', 'free', 'free'),
(160, 'Psychology', 100, 'free', 'free', 'free', 'free', 'free', 'free', 'free', 'free'),
(161, 'Psychology', 200, 'free', 'free', 'free', 'free', 'free', 'free', 'free', 'free'),
(162, 'Psychology', 300, 'free', 'free', 'free', 'free', 'free', 'free', 'free', 'free'),
(163, 'Psychology', 400, 'free', 'free', 'free', 'free', 'free', 'free', 'free', 'free'),
(164, 'Political Science', 100, 'free', 'free', 'free', 'free', 'free', 'free', 'free', 'free'),
(165, 'Political Science', 200, 'free', 'free', 'free', 'free', 'free', 'free', 'free', 'free'),
(166, 'Political Science', 300, 'free', 'free', 'free', 'free', 'free', 'free', 'free', 'free'),
(167, 'Political Science', 400, 'free', 'free', 'free', 'free', 'free', 'free', 'free', 'free'),
(168, 'Goegraphy', 100, 'free', 'free', 'free', 'free', 'free', 'free', 'free', 'free'),
(169, 'Goegraphy', 200, 'free', 'free', 'free', 'free', 'free', 'free', 'free', 'free'),
(170, 'Goegraphy', 300, 'free', 'free', 'free', 'free', 'free', 'free', 'free', 'free'),
(171, 'Goegraphy', 400, 'free', 'free', 'free', 'free', 'free', 'free', 'free', 'free'),
(172, 'Philosophy', 100, 'free', 'free', 'free', 'free', 'free', 'free', 'free', 'free'),
(173, 'Philosophy', 200, 'free', 'free', 'free', 'free', 'free', 'free', 'free', 'free'),
(174, 'Philosophy', 300, 'free', 'free', 'free', 'free', 'free', 'free', 'free', 'free'),
(175, 'Philosophy', 400, 'free', 'free', 'free', 'free', 'free', 'free', 'free', 'free'),
(176, 'Religion and Cultural Study', 100, 'free', 'free', 'free', 'free', 'free', 'free', 'free', 'free'),
(177, 'Religion and Cultural Study', 200, 'free', 'free', 'free', 'free', 'free', 'free', 'free', 'free'),
(178, 'Religion and Cultural Study', 300, 'free', 'free', 'free', 'free', 'free', 'free', 'free', 'free'),
(179, 'Religion and Cultural Study', 400, 'free', 'free', 'free', 'free', 'free', 'free', 'free', 'free'),
(180, 'Social Work', 100, 'free', 'free', 'free', 'free', 'free', 'free', 'free', 'free'),
(181, 'Social Work', 200, 'free', 'free', 'free', 'free', 'free', 'free', 'free', 'free'),
(182, 'Social Work', 300, 'free', 'free', 'free', 'free', 'free', 'free', 'free', 'free'),
(183, 'Social Work', 400, 'free', 'free', 'free', 'free', 'free', 'free', 'free', 'free'),
(184, 'Sociology and Anthropology', 100, 'free', 'free', 'free', 'free', 'free', 'free', 'free', 'free'),
(185, 'Sociology and Anthropology', 200, 'free', 'free', 'free', 'free', 'free', 'free', 'free', 'free'),
(186, 'Sociology and Anthropology', 300, 'free', 'free', 'free', 'free', 'free', 'free', 'free', 'free'),
(187, 'Sociology and Anthropology', 400, 'free', 'free', 'free', 'free', 'free', 'free', 'free', 'free');

--
-- Constraints for dumped tables
--

--
-- Constraints for table `classcourses`
--
ALTER TABLE `classcourses`
  ADD CONSTRAINT `classcourses_ibfk_1` FOREIGN KEY (`department`) REFERENCES `departments` (`departmentName`) ON DELETE CASCADE ON UPDATE CASCADE,
  ADD CONSTRAINT `classcourses_ibfk_2` FOREIGN KEY (`courseCode`) REFERENCES `courses` (`courseCode`) ON DELETE CASCADE ON UPDATE CASCADE;

--
-- Constraints for table `courses`
--
ALTER TABLE `courses`
  ADD CONSTRAINT `courses_ibfk_1` FOREIGN KEY (`baseDepartment`) REFERENCES `departments` (`departmentName`) ON DELETE CASCADE ON UPDATE CASCADE,
  ADD CONSTRAINT `courses_ibfk_2` FOREIGN KEY (`lecturerId`) REFERENCES `lecturers` (`lecturerId`) ON UPDATE CASCADE;

--
-- Constraints for table `friday`
--
ALTER TABLE `friday`
  ADD CONSTRAINT `friday_ibfk_1` FOREIGN KEY (`department`) REFERENCES `departments` (`departmentName`) ON DELETE CASCADE ON UPDATE CASCADE;

--
-- Constraints for table `lecturers`
--
ALTER TABLE `lecturers`
  ADD CONSTRAINT `lecturers_ibfk_1` FOREIGN KEY (`department`) REFERENCES `departments` (`departmentName`) ON DELETE CASCADE ON UPDATE CASCADE;

--
-- Constraints for table `monday`
--
ALTER TABLE `monday`
  ADD CONSTRAINT `monday_ibfk_1` FOREIGN KEY (`department`) REFERENCES `departments` (`departmentName`) ON DELETE CASCADE ON UPDATE CASCADE;

--
-- Constraints for table `thursday`
--
ALTER TABLE `thursday`
  ADD CONSTRAINT `thursday_ibfk_1` FOREIGN KEY (`department`) REFERENCES `departments` (`departmentName`) ON DELETE CASCADE ON UPDATE CASCADE;

--
-- Constraints for table `tuesday`
--
ALTER TABLE `tuesday`
  ADD CONSTRAINT `tuesday_ibfk_1` FOREIGN KEY (`department`) REFERENCES `departments` (`departmentName`) ON DELETE CASCADE ON UPDATE CASCADE;

--
-- Constraints for table `wednessday`
--
ALTER TABLE `wednessday`
  ADD CONSTRAINT `wednessday_ibfk_1` FOREIGN KEY (`department`) REFERENCES `departments` (`departmentName`) ON DELETE CASCADE ON UPDATE CASCADE;

/*!40101 SET CHARACTER_SET_CLIENT=@OLD_CHARACTER_SET_CLIENT */;
/*!40101 SET CHARACTER_SET_RESULTS=@OLD_CHARACTER_SET_RESULTS */;
/*!40101 SET COLLATION_CONNECTION=@OLD_COLLATION_CONNECTION */;
